ICAO Aircraft Type Code,IATA Aircraft type Code,Model,Aircraft manufacturer,In Use Indicator (Yes/No),ICAO Airline Code,IATA Airline Code,Number of seats
A310,310,A310,Airbus,,,,220
A310,310,A310,Airbus,yes,IY,IYE,220
A310,310,A310,Airbus,yes,PK,PIA,220
A310,310,A310,Airbus,yes,RJ,RJA,220
A310,310,A310,Airbus,yes,KU,KAC,220
A310,310,A310,Airbus,yes,TS,TSC,220
A310,310,A310,Airbus,yes,S7,SBI,220
A310,310,A310,Airbus,yes,CZ,CSN,220
A310,310,A310,Airbus,yes,FG,AFG,220
A310,310,A310,Airbus,yes,RO,ROT,220
A318,318,A318,Airbus,yes,LA,LAN,107
A318,318,A318,Airbus,yes,AF,AFR,107
A318,318,A318,Airbus,yes,LX,SWR,107
A318,318,A318,Airbus,yes,SN,DAT,107
A318,318,A318,Airbus,,,,107
A318,318,A318,Airbus,yes,AZ,AZA,107
A318,318,A318,Airbus,yes,O6,ONE,107
A318,318,A318,Airbus,yes,RO,ROT,107
A318,318,A318,Airbus,no,,XMS,107
A318,318,A318,Airbus,yes,AA,AAL,107
A318,318,A318,Airbus,,,,107
A318,318,A318,Airbus,yes,IB,IBE,107
A319,319,A319,Airbus,yes,MU,CES,124
A319,319,A319,Airbus,yes,NK,NKS,124
A319,319,A319,Airbus,yes,UP,BHS,124
A319,319,A319,Airbus,yes,TA,TAT,124
A319,319,A319,Airbus,yes,ME,MEA,124
A319,319,A319,Airbus,yes,BI,RBA,124
A319,319,A319,Airbus,yes,QR,QTR,124
A319,319,A319,Airbus,yes,AP,ADH,124
A319,319,A319,Airbus,yes,MK,MAU,124
A319,319,A319,Airbus,yes,LH,DLH,124
A319,319,A319,Airbus,yes,FV,SDM,124
A319,319,A319,Airbus,yes,A3,AEE,124
A319,319,A319,Airbus,yes,ZH,CSZ,124
A319,319,A319,Airbus,yes,RJ,RJA,124
A319,319,A319,Airbus,yes,PC,PGT,124
A319,319,A319,Airbus,yes,KF,BLF,124
A319,319,A319,Airbus,yes,UL,ALK,124
A319,319,A319,Airbus,yes,PR,PAL,124
A319,319,A319,Airbus,,,,124
A319,319,A319,Airbus,yes,EU,EEA,124
A319,319,A319,Airbus,,,,124
A319,319,A319,Airbus,,,,124
A319,319,A319,Airbus,yes,LP,LPE,124
A319,319,A319,Airbus,yes,TD,LUR,124
A319,319,A319,Airbus,yes,JL,JAL,124
A319,319,A319,Airbus,yes,KB,DRK,124
A319,319,A319,Airbus,yes,JA,BON,124
A319,319,A319,Airbus,yes,O6,ONE,124
A319,319,A319,Airbus,yes,VX,VRD,124
A319,319,A319,Airbus,yes,U8,RNV,124
A319,319,A319,Airbus,yes,VA,VAU,124
A319,319,A319,Airbus,yes,AB,BER,124
A319,319,A319,Airbus,yes,KC,KZR,124
A319,319,A319,Airbus,yes,Z2,,124
A319,319,A319,Airbus,yes,SK,SAS,124
A319,319,A319,Airbus,yes,MH,MAS,124
A319,319,A319,Airbus,,,,124
A319,319,A319,Airbus,no,,XMS,124
A319,319,A319,Airbus,,,,124
A319,319,A319,Airbus,,,,124
A319,319,A319,Airbus,yes,SQ,SIA,124
A319,319,A319,Airbus,,,,124
A319,319,A319,Airbus,yes,SV,SVA,124
A319,319,A319,Airbus,yes,TU,TAR,124
A319,319,A319,Airbus,yes,GA,GIA,124
A319,319,A319,Airbus,yes,IB,IBE,124
A319,319,A319,Airbus,yes,LA,LAN,124
A319,319,A319,Airbus,yes,FB,LZB,124
A319,319,A319,Airbus,yes,BD,BMA,124
A319,319,A319,Airbus,yes,3U,CSC,124
A319,319,A319,Airbus,yes,AZ,AZA,124
A319,319,A319,Airbus,yes,UA,UAL,124
A319,319,A319,Airbus,yes,J2,AHY,124
A319,319,A319,Airbus,yes,8L,CGP,124
A319,319,A319,Airbus,yes,4T,BHP,124
A319,319,A319,Airbus,yes,LO,LOT,124
A319,319,A319,Airbus,yes,2K,GLG,124
A319,319,A319,Airbus,yes,TK,THY,124
A319,319,A319,Airbus,yes,VN,HVN,124
A319,319,A319,Airbus,yes,CA,CCA,124
A319,319,A319,Airbus,yes,2J,VBW,124
A319,319,A319,Airbus,yes,ZI,AAF,124
A319,319,A319,Airbus,yes,JK,JKK,124
A319,319,A319,Airbus,,,,124
A319,319,A319,Airbus,yes,5J,CEB,124
A319,319,A319,Airbus,,,,124
A319,319,A319,Airbus,yes,SA,SAA,124
A319,319,A319,Airbus,,,,124
A319,319,A319,Airbus,yes,BN,HZA,124
A319,319,A319,Airbus,yes,GW,KIL,124
A319,319,A319,Airbus,yes,MS,MSR,124
A319,319,A319,Airbus,yes,AC,ACA,124
A319,319,A319,Airbus,yes,XY,KNE,124
A319,319,A319,Airbus,yes,4U,GWI,124
A319,319,A319,Airbus,yes,JD,JAS,124
A319,319,A319,Airbus,,,,124
A319,319,A319,Airbus,yes,HO,DKH,124
A319,319,A319,Airbus,yes,U2,EZY,124
A319,319,A319,Airbus,yes,CY,CYP,124
A319,319,A319,Airbus,yes,S7,SBI,124
A319,319,A319,Airbus,yes,RO,ROT,124
A319,319,A319,Airbus,yes,AT,RAM,124
A319,319,A319,Airbus,yes,OU,CTN,124
A319,319,A319,Airbus,yes,US,USA,124
A319,319,A319,Airbus,yes,LX,SWR,124
A319,319,A319,Airbus,yes,HU,CHH,124
A319,319,A319,Airbus,yes,OA,OAL,124
A319,319,A319,Airbus,,,,124
A319,319,A319,Airbus,yes,TP,TAP,124
A319,319,A319,Airbus,yes,EQ,TAE,124
A319,319,A319,Airbus,yes,IT,KFR,124
A319,319,A319,Airbus,,,,124
A319,319,A319,Airbus,yes,CO,COA,124
A319,319,A319,Airbus,yes,OK,CSA,124
A319,319,A319,Airbus,yes,SW,NMB,124
A319,319,A319,Airbus,yes,PN,CHB,124
A319,319,A319,Airbus,no,L9,TLW,124
A319,319,A319,Airbus,yes,KL,KLM,124
A319,319,A319,Airbus,yes,KQ,KQA,124
A319,319,A319,Airbus,yes,CI,CAL,124
A319,319,A319,Airbus,,,,124
A319,319,A319,Airbus,yes,NZ,ANZ,124
A319,319,A319,Airbus,yes,JP,ADR,124
A319,319,A319,Airbus,yes,KM,AMC,124
A319,319,A319,Airbus,yes,OS,AUA,124
A319,319,A319,Airbus,yes,CZ,CSN,124
A319,319,A319,Airbus,yes,EY,ETD,124
A319,319,A319,Airbus,yes,GF,GBA,124
A319,319,A319,Airbus,,,,124
A319,319,A319,Airbus,yes,NH,ANA,124
A319,319,A319,Airbus,yes,PG,BKP,124
A319,319,A319,Airbus,yes,SU,AFL,124
A319,319,A319,Airbus,yes,XK,CCM,124
A319,319,A319,Airbus,yes,AF,AFR,124
A319,319,A319,Airbus,yes,JJ,TAM,124
A319,319,A319,Airbus,,,,124
A319,319,A319,Airbus,yes,AY,FIN,124
A319,319,A319,Airbus,yes,SN,DAT,124
A319,319,A319,Airbus,yes,LR,LRC,124
A319,319,A319,Airbus,yes,MI,SLK,124
A320,320,A320,Airbus,yes,MU,CES,150
A320,320,A320,Airbus,yes,NK,NKS,150
A320,320,A320,Airbus,yes,E5,RBG,150
A320,320,A320,Airbus,,,,150
A320,320,A320,Airbus,yes,LN,LAA,150
A320,320,A320,Airbus,yes,ME,MEA,150
A320,320,A320,Airbus,yes,TA,TAT,150
A320,320,A320,Airbus,yes,BI,RBA,150
A320,320,A320,Airbus,no,W2,CWA,150
A320,320,A320,Airbus,yes,5L,RSU,150
A320,320,A320,Airbus,yes,QR,QTR,150
A320,320,A320,Airbus,yes,UJ,LMU,150
A320,320,A320,Airbus,yes,FQ,TCW,150
A320,320,A320,Airbus,yes,3O,,150
A320,320,A320,Airbus,yes,KK,KKK,150
A320,320,A320,Airbus,yes,AP,ADH,150
A320,320,A320,Airbus,yes,LH,DLH,150
A320,320,A320,Airbus,yes,FV,SDM,150
A320,320,A320,Airbus,yes,A3,AEE,150
A320,320,A320,Airbus,yes,RQ,KMF,150
A320,320,A320,Airbus,yes,ZH,CSZ,150
A320,320,A320,Airbus,yes,BL,PIC,150
A320,320,A320,Airbus,yes,RJ,RJA,150
A320,320,A320,Airbus,yes,KU,KAC,150
A320,320,A320,Airbus,yes,QJ,,150
A320,320,A320,Airbus,,,,150
A320,320,A320,Airbus,yes,PC,PGT,150
A320,320,A320,Airbus,yes,AA,AAL,150
A320,320,A320,Airbus,yes,KF,BLF,150
A320,320,A320,Airbus,,,,150
A320,320,A320,Airbus,yes,UL,ALK,150
A320,320,A320,Airbus,yes,FM,CSH,150
A320,320,A320,Airbus,yes,PR,PAL,150
A320,320,A320,Airbus,,,,150
A320,320,A320,Airbus,yes,UF,UKM,150
A320,320,A320,Airbus,,,,150
A320,320,A320,Airbus,,,,150
A320,320,A320,Airbus,yes,EP,IRC,150
A320,320,A320,Airbus,yes,9U,MLD,150
A320,320,A320,Airbus,yes,TR,TGW,150
A320,320,A320,Airbus,,,,150
A320,320,A320,Airbus,yes,J9,JZR,150
A320,320,A320,Airbus,yes,TD,LUR,150
A320,320,A320,Airbus,yes,JL,JAL,150
A320,320,A320,Airbus,yes,JQ,JST,150
A320,320,A320,Airbus,yes,VX,VRD,150
A320,320,A320,Airbus,yes,DE,CFG,150
A320,320,A320,Airbus,yes,T4,HEJ,150
A320,320,A320,Airbus,yes,U8,RNV,150
A320,320,A320,Airbus,yes,VA,VAU,150
A320,320,A320,Airbus,yes,AB,BER,150
A320,320,A320,Airbus,no,,LAU,150
A320,320,A320,Airbus,yes,KC,KZR,150
A320,320,A320,Airbus,yes,B6,JBU,150
A320,320,A320,Airbus,yes,QZ,AWQ,150
A320,320,A320,Airbus,yes,TT,TGW,150
A320,320,A320,Airbus,yes,Z2,,150
A320,320,A320,Airbus,yes,IY,IYE,150
A320,320,A320,Airbus,yes,GE,TNA,150
A320,320,A320,Airbus,yes,2P,GAP,150
A320,320,A320,Airbus,yes,SK,SAS,150
A320,320,A320,Airbus,yes,MH,MAS,150
A320,320,A320,Airbus,,,,150
A320,320,A320,Airbus,yes,4Q,,150
A320,320,A320,Airbus,no,,XMS,150
A320,320,A320,Airbus,,,,150
A320,320,A320,Airbus,yes,U5,GWY,150
A320,320,A320,Airbus,,,,150
A320,320,A320,Airbus,yes,HG,NLY,150
A320,320,A320,Airbus,yes,SQ,SIA,150
A320,320,A320,Airbus,yes,G9,ABY,150
A320,320,A320,Airbus,,,,150
A320,320,A320,Airbus,yes,DN,SGG,150
A320,320,A320,Airbus,yes,SV,SVA,150
A320,320,A320,Airbus,yes,BY,TOM,150
A320,320,A320,Airbus,yes,TU,TAR,150
A320,320,A320,Airbus,yes,GA,GIA,150
A320,320,A320,Airbus,yes,IB,IBE,150
A320,320,A320,Airbus,yes,LA,LAN,150
A320,320,A320,Airbus,yes,EI,EIN,150
A320,320,A320,Airbus,yes,XF,VLK,150
A320,320,A320,Airbus,yes,FB,LZB,150
A320,320,A320,Airbus,yes,BD,BMA,150
A320,320,A320,Airbus,yes,R3,SYL,150
A320,320,A320,Airbus,yes,3U,CSC,150
A320,320,A320,Airbus,yes,AZ,AZA,150
A320,320,A320,Airbus,yes,UA,UAL,150
A320,320,A320,Airbus,yes,J2,AHY,150
A320,320,A320,Airbus,yes,4T,BHP,150
A320,320,A320,Airbus,yes,LO,LOT,150
A320,320,A320,Airbus,yes,VY,FOS,150
A320,320,A320,Airbus,yes,2K,GLG,150
A320,320,A320,Airbus,yes,TK,THY,150
A320,320,A320,Airbus,yes,GS,UPA,150
A320,320,A320,Airbus,yes,VN,HVN,150
A320,320,A320,Airbus,yes,UX,AEA,150
A320,320,A320,Airbus,yes,AK,AXM,150
A320,320,A320,Airbus,yes,CA,CCA,150
A320,320,A320,Airbus,yes,ZI,AAF,150
A320,320,A320,Airbus,yes,JK,JKK,150
A320,320,A320,Airbus,,,,150
A320,320,A320,Airbus,yes,SD,SUD,150
A320,320,A320,Airbus,yes,5J,CEB,150
A320,320,A320,Airbus,,,,150
A320,320,A320,Airbus,yes,8M,MXL,150
A320,320,A320,Airbus,yes,ZB,BUB,150
A320,320,A320,Airbus,yes,SB,ACI,150
A320,320,A320,Airbus,yes,7G,SFJ,150
A320,320,A320,Airbus,,,,150
A320,320,A320,Airbus,yes,BN,HZA,150
A320,320,A320,Airbus,yes,MS,MSR,150
A320,320,A320,Airbus,yes,AC,ACA,150
A320,320,A320,Airbus,yes,XY,KNE,150
A320,320,A320,Airbus,yes,JD,JAS,150
A320,320,A320,Airbus,,,,150
A320,320,A320,Airbus,yes,HO,DKH,150
A320,320,A320,Airbus,yes,U2,EZY,150
A320,320,A320,Airbus,yes,XK,CCM,150
A320,320,A320,Airbus,yes,CY,CYP,150
A320,320,A320,Airbus,yes,U6,SVR,150
A320,320,A320,Airbus,yes,S7,SBI,150
A320,320,A320,Airbus,yes,RO,ROT,150
A320,320,A320,Airbus,yes,AT,RAM,150
A320,320,A320,Airbus,yes,OU,CTN,150
A320,320,A320,Airbus,yes,US,USA,150
A320,320,A320,Airbus,yes,LX,SWR,150
A320,320,A320,Airbus,yes,PZ,LAP,150
A320,320,A320,Airbus,yes,6E,IGO,150
A320,320,A320,Airbus,yes,IV,JET,150
A320,320,A320,Airbus,yes,OA,OAL,150
A320,320,A320,Airbus,yes,PS,AUI,150
A320,320,A320,Airbus,,,,150
A320,320,A320,Airbus,yes,H2,SKU,150
A320,320,A320,Airbus,yes,6H,ISR,150
A320,320,A320,Airbus,,,,150
A320,320,A320,Airbus,yes,WY,OMA,150
A320,320,A320,Airbus,yes,TP,TAP,150
A320,320,A320,Airbus,yes,PK,PIA,150
A320,320,A320,Airbus,yes,EQ,TAE,150
A320,320,A320,Airbus,yes,IE,SOL,150
A320,320,A320,Airbus,yes,IT,KFR,150
A320,320,A320,Airbus,yes,DJ,VOZ,150
A320,320,A320,Airbus,,,,150
A320,320,A320,Airbus,yes,CO,COA,150
A320,320,A320,Airbus,yes,OK,CSA,150
A320,320,A320,Airbus,yes,VS,VIR,150
A320,320,A320,Airbus,yes,G8,GOW,150
A320,320,A320,Airbus,yes,PN,CHB,150
A320,320,A320,Airbus,yes,Z6,ZTT,150
A320,320,A320,Airbus,yes,8Q,OHY,150
A320,320,A320,Airbus,yes,HY,UZB,150
A320,320,A320,Airbus,yes,VF,VLU,150
A320,320,A320,Airbus,yes,KL,KLM,150
A320,320,A320,Airbus,yes,KR,CWK,150
A320,320,A320,Airbus,yes,W6,WZZ,150
A320,320,A320,Airbus,yes,KQ,KQA,150
A320,320,A320,Airbus,yes,CI,CAL,150
A320,320,A320,Airbus,,,,150
A320,320,A320,Airbus,yes,VC,,150
A320,320,A320,Airbus,yes,NZ,ANZ,150
A320,320,A320,Airbus,,,,150
A320,320,A320,Airbus,yes,JP,ADR,150
A320,320,A320,Airbus,yes,KM,AMC,150
A320,320,A320,Airbus,yes,RL,RFJ,150
A320,320,A320,Airbus,yes,9C,,150
A320,320,A320,Airbus,yes,SU,AFL,150
A320,320,A320,Airbus,yes,OS,AUA,150
A320,320,A320,Airbus,yes,WU,WAU,150
A320,320,A320,Airbus,yes,CZ,CSN,150
A320,320,A320,Airbus,yes,QH,FLZ,150
A320,320,A320,Airbus,yes,EY,ETD,150
A320,320,A320,Airbus,yes,AE,MDA,150
A320,320,A320,Airbus,,,,150
A320,320,A320,Airbus,yes,GF,GBA,150
A320,320,A320,Airbus,yes,IR,IRA,150
A320,320,A320,Airbus,yes,NH,ANA,150
A320,320,A320,Airbus,yes,PG,BKP,150
A320,320,A320,Airbus,yes,QF,QFA,150
A320,320,A320,Airbus,yes,AF,AFR,150
A320,320,A320,Airbus,yes,JJ,TAM,150
A320,320,A320,Airbus,,,,150
A320,320,A320,Airbus,yes,AY,FIN,150
A320,320,A320,Airbus,yes,SN,DAT,150
A320,320,A320,Airbus,,,,150
A320,320,A320,Airbus,yes,YK,,150
A320,320,A320,Airbus,yes,LR,LRC,150
A320,320,A320,Airbus,yes,MI,SLK,150
A320,320,A320,Airbus,yes,3K,JSA,150
A320,320,A320,Airbus,,,,150
A321,321,A321,Airbus,yes,MU,CES,185
A321,321,A321,Airbus,yes,NK,NKS,185
A321,321,A321,Airbus,,,,185
A321,321,A321,Airbus,yes,TA,TAT,185
A321,321,A321,Airbus,yes,ME,MEA,185
A321,321,A321,Airbus,yes,QR,QTR,185
A321,321,A321,Airbus,yes,FQ,TCW,185
A321,321,A321,Airbus,yes,AP,ADH,185
A321,321,A321,Airbus,yes,LH,DLH,185
A321,321,A321,Airbus,yes,FV,SDM,185
A321,321,A321,Airbus,yes,A3,AEE,185
A321,321,A321,Airbus,yes,RJ,RJA,185
A321,321,A321,Airbus,yes,KF,BLF,185
A321,321,A321,Airbus,,,,185
A321,321,A321,Airbus,yes,FM,CSH,185
A321,321,A321,Airbus,,,,185
A321,321,A321,Airbus,yes,ET,ETH,185
A321,321,A321,Airbus,yes,JL,JAL,185
A321,321,A321,Airbus,yes,JQ,JST,185
A321,321,A321,Airbus,yes,MF,CXA,185
A321,321,A321,Airbus,yes,AB,BER,185
A321,321,A321,Airbus,no,,LAU,185
A321,321,A321,Airbus,yes,KC,KZR,185
A321,321,A321,Airbus,yes,GE,TNA,185
A321,321,A321,Airbus,yes,SK,SAS,185
A321,321,A321,Airbus,,,,185
A321,321,A321,Airbus,no,,XMS,185
A321,321,A321,Airbus,yes,HG,NLY,185
A321,321,A321,Airbus,,,,185
A321,321,A321,Airbus,yes,SV,SVA,185
A321,321,A321,Airbus,yes,BY,TOM,185
A321,321,A321,Airbus,yes,GA,GIA,185
A321,321,A321,Airbus,yes,IB,IBE,185
A321,321,A321,Airbus,yes,LA,LAN,185
A321,321,A321,Airbus,yes,EI,EIN,185
A321,321,A321,Airbus,yes,BD,BMA,185
A321,321,A321,Airbus,yes,3U,CSC,185
A321,321,A321,Airbus,yes,AZ,AZA,185
A321,321,A321,Airbus,yes,UA,UAL,185
A321,321,A321,Airbus,yes,VN,HVN,185
A321,321,A321,Airbus,yes,TK,THY,185
A321,321,A321,Airbus,yes,CA,CCA,185
A321,321,A321,Airbus,yes,2J,VBW,185
A321,321,A321,Airbus,yes,ZI,AAF,185
A321,321,A321,Airbus,yes,JK,JKK,185
A321,321,A321,Airbus,,,,185
A321,321,A321,Airbus,yes,ZB,BUB,185
A321,321,A321,Airbus,yes,MS,MSR,185
A321,321,A321,Airbus,yes,AC,ACA,185
A321,321,A321,Airbus,,,,185
A321,321,A321,Airbus,yes,U6,SVR,185
A321,321,A321,Airbus,yes,AT,RAM,185
A321,321,A321,Airbus,yes,US,USA,185
A321,321,A321,Airbus,yes,LX,SWR,185
A321,321,A321,Airbus,yes,OA,OAL,185
A321,321,A321,Airbus,yes,TP,TAP,185
A321,321,A321,Airbus,,,,185
A321,321,A321,Airbus,yes,IT,KFR,185
A321,321,A321,Airbus,,,,185
A321,321,A321,Airbus,yes,CO,COA,185
A321,321,A321,Airbus,yes,OK,CSA,185
A321,321,A321,Airbus,yes,VS,VIR,185
A321,321,A321,Airbus,yes,KL,KLM,185
A321,321,A321,Airbus,yes,CI,CAL,185
A321,321,A321,Airbus,yes,NZ,ANZ,185
A321,321,A321,Airbus,yes,K6,,185
A321,321,A321,Airbus,yes,OS,AUA,185
A321,321,A321,Airbus,yes,CZ,CSN,185
A321,321,A321,Airbus,yes,QF,QFA,185
A321,321,A321,Airbus,yes,SU,AFL,185
A321,321,A321,Airbus,yes,EY,ETD,185
A321,321,A321,Airbus,yes,AE,MDA,185
A321,321,A321,Airbus,yes,NH,ANA,185
A321,321,A321,Airbus,yes,AF,AFR,185
A321,321,A321,Airbus,yes,JJ,TAM,185
A321,321,A321,Airbus,,,,185
A321,321,A321,Airbus,yes,AY,FIN,185
A321,321,A321,Airbus,yes,SN,DAT,185
A321,321,A321,Airbus,yes,LR,LRC,185
A321,321,A321,Airbus,,,,185
A332,332,A330-200,Airbus,yes,MU,CES,253
A332,332,A330-200,Airbus,yes,WY,OMA,253
A332,332,A330-200,Airbus,yes,BR,EVA,253
A332,332,A330-200,Airbus,yes,JQ,JST,253
A332,332,A330-200,Airbus,yes,VN,HVN,253
A332,332,A330-200,Airbus,yes,TP,TAP,253
A332,332,A330-200,Airbus,yes,ME,MEA,253
A332,332,A330-200,Airbus,yes,UX,AEA,253
A332,332,A330-200,Airbus,yes,QR,QTR,253
A332,332,A330-200,Airbus,yes,JK,JKK,253
A332,332,A330-200,Airbus,yes,DJ,VOZ,253
A332,332,A330-200,Airbus,yes,FQ,TCW,253
A332,332,A330-200,Airbus,yes,B7,UIA,253
A332,332,A330-200,Airbus,,,,253
A332,332,A330-200,Airbus,yes,VA,VAU,253
A332,332,A330-200,Airbus,yes,CO,COA,253
A332,332,A330-200,Airbus,yes,AB,BER,253
A332,332,A330-200,Airbus,yes,LH,DLH,253
A332,332,A330-200,Airbus,yes,KC,KZR,253
A332,332,A330-200,Airbus,yes,MK,MAU,253
A332,332,A330-200,Airbus,yes,OK,CSA,253
A332,332,A330-200,Airbus,yes,FV,SDM,253
A332,332,A330-200,Airbus,,,,253
A332,332,A330-200,Airbus,yes,HA,HAL,253
A332,332,A330-200,Airbus,,,,253
A332,332,A330-200,Airbus,yes,SB,ACI,253
A332,332,A330-200,Airbus,yes,HX,HXK,253
A332,332,A330-200,Airbus,,,,253
A332,332,A330-200,Airbus,yes,SA,SAA,253
A332,332,A330-200,Airbus,yes,MH,MAS,253
A332,332,A330-200,Airbus,yes,EK,UAE,253
A332,332,A330-200,Airbus,yes,KL,KLM,253
A332,332,A330-200,Airbus,yes,GL,GRL,253
A332,332,A330-200,Airbus,no,,XMS,253
A332,332,A330-200,Airbus,yes,QJ,,253
A332,332,A330-200,Airbus,yes,KQ,KQA,253
A332,332,A330-200,Airbus,yes,AA,AAL,253
A332,332,A330-200,Airbus,yes,AC,ACA,253
A332,332,A330-200,Airbus,yes,VK,VGN,253
A332,332,A330-200,Airbus,,,,253
A332,332,A330-200,Airbus,yes,UL,ALK,253
A332,332,A330-200,Airbus,yes,NZ,ANZ,253
A332,332,A330-200,Airbus,yes,KM,AMC,253
A332,332,A330-200,Airbus,yes,SE,SEU,253
A332,332,A330-200,Airbus,yes,PR,PAL,253
A332,332,A330-200,Airbus,yes,SU,AFL,253
A332,332,A330-200,Airbus,yes,SV,SVA,253
A332,332,A330-200,Airbus,,,,253
A332,332,A330-200,Airbus,yes,CZ,CSN,253
A332,332,A330-200,Airbus,yes,EY,ETD,253
A332,332,A330-200,Airbus,yes,GF,GBA,253
A332,332,A330-200,Airbus,,,,253
A332,332,A330-200,Airbus,yes,GA,GIA,253
A332,332,A330-200,Airbus,yes,AT,RAM,253
A332,332,A330-200,Airbus,yes,EI,EIN,253
A332,332,A330-200,Airbus,yes,NH,ANA,253
A332,332,A330-200,Airbus,yes,QF,QFA,253
A332,332,A330-200,Airbus,yes,AF,AFR,253
A332,332,A330-200,Airbus,yes,JJ,TAM,253
A332,332,A330-200,Airbus,yes,LX,SWR,253
A332,332,A330-200,Airbus,yes,BD,BMA,253
A332,332,A330-200,Airbus,yes,US,USA,253
A332,332,A330-200,Airbus,,,,253
A332,332,A330-200,Airbus,,,,253
A332,332,A330-200,Airbus,yes,SN,DAT,253
A332,332,A330-200,Airbus,yes,OA,OAL,253
A332,332,A330-200,Airbus,yes,AZ,AZA,253
A332,332,A330-200,Airbus,,,,253
A332,332,A330-200,Airbus,yes,UA,UAL,253
A332,332,A330-200,Airbus,yes,JL,JAL,253
A332,332,A330-200,Airbus,yes,3K,JSA,253
A333,333,A330-300,Airbus,yes,MU,CES,295
A333,333,A330-300,Airbus,yes,WY,OMA,295
A333,333,A330-300,Airbus,yes,BR,EVA,295
A333,333,A330-300,Airbus,yes,WB,RWD,295
A333,333,A330-300,Airbus,yes,TK,THY,295
A333,333,A330-300,Airbus,yes,PK,PIA,295
A333,333,A330-300,Airbus,yes,CA,CCA,295
A333,333,A330-300,Airbus,yes,QR,QTR,295
A333,333,A330-300,Airbus,,,,295
A333,333,A330-300,Airbus,yes,VA,VAU,295
A333,333,A330-300,Airbus,yes,CO,COA,295
A333,333,A330-300,Airbus,yes,AB,BER,295
A333,333,A330-300,Airbus,yes,LH,DLH,295
A333,333,A330-300,Airbus,yes,VS,VIR,295
A333,333,A330-300,Airbus,,,,295
A333,333,A330-300,Airbus,yes,FV,SDM,295
A333,333,A330-300,Airbus,,,,295
A333,333,A330-300,Airbus,yes,SK,SAS,295
A333,333,A330-300,Airbus,yes,MH,MAS,295
A333,333,A330-300,Airbus,yes,DT,DTA,295
A333,333,A330-300,Airbus,yes,KL,KLM,295
A333,333,A330-300,Airbus,yes,XF,VLK,295
A333,333,A330-300,Airbus,no,,XMS,295
A333,333,A330-300,Airbus,yes,QJ,,295
A333,333,A330-300,Airbus,yes,MS,MSR,295
A333,333,A330-300,Airbus,yes,CI,CAL,295
A333,333,A330-300,Airbus,yes,AC,ACA,295
A333,333,A330-300,Airbus,,,,295
A333,333,A330-300,Airbus,yes,UL,ALK,295
A333,333,A330-300,Airbus,yes,SQ,SIA,295
A333,333,A330-300,Airbus,yes,SE,SEU,295
A333,333,A330-300,Airbus,yes,SV,SVA,295
A333,333,A330-300,Airbus,yes,CZ,CSN,295
A333,333,A330-300,Airbus,yes,EY,ETD,295
A333,333,A330-300,Airbus,yes,AE,MDA,295
A333,333,A330-300,Airbus,yes,GA,GIA,295
A333,333,A330-300,Airbus,yes,GF,GBA,295
A333,333,A330-300,Airbus,yes,AT,RAM,295
A333,333,A330-300,Airbus,yes,NH,ANA,295
A333,333,A330-300,Airbus,yes,PG,BKP,295
A333,333,A330-300,Airbus,yes,QF,QFA,295
A333,333,A330-300,Airbus,yes,SU,AFL,295
A333,333,A330-300,Airbus,yes,US,USA,295
A333,333,A330-300,Airbus,yes,LX,SWR,295
A333,333,A330-300,Airbus,yes,BD,BMA,295
A333,333,A330-300,Airbus,,,,295
A333,333,A330-300,Airbus,,,,295
A333,333,A330-300,Airbus,yes,AY,FIN,295
A333,333,A330-300,Airbus,yes,R3,SYL,295
A333,333,A330-300,Airbus,yes,SN,DAT,295
A333,333,A330-300,Airbus,yes,AZ,AZA,295
A333,333,A330-300,Airbus,,,,295
A333,333,A330-300,Airbus,yes,UA,UAL,295
A333,333,A330-300,Airbus,yes,JL,JAL,295
A342,342,A340-200,Airbus,no,,XMS,0
A342,342,A340-200,Airbus,yes,IB,IBE,0
A342,342,A340-200,Airbus,yes,SA,SAA,0
A342,342,A340-200,Airbus,,,,0
A343,343,A340-300,Airbus,yes,MU,CES,0
A343,343,A340-300,Airbus,,,,0
A343,343,A340-300,Airbus,yes,TK,THY,0
A343,343,A340-300,Airbus,yes,TP,TAP,0
A343,343,A340-300,Airbus,yes,CA,CCA,0
A343,343,A340-300,Airbus,,,,0
A343,343,A340-300,Airbus,yes,CO,COA,0
A343,343,A340-300,Airbus,yes,LH,DLH,0
A343,343,A340-300,Airbus,yes,MK,MAU,0
A343,343,A340-300,Airbus,yes,VS,VIR,0
A343,343,A340-300,Airbus,,,,0
A343,343,A340-300,Airbus,yes,SW,NMB,0
A343,343,A340-300,Airbus,yes,SA,SAA,0
A343,343,A340-300,Airbus,yes,SK,SAS,0
A343,343,A340-300,Airbus,yes,AR,ARG,0
A343,343,A340-300,Airbus,yes,DT,DTA,0
A343,343,A340-300,Airbus,yes,KU,KAC,0
A343,343,A340-300,Airbus,no,,XMS,0
A343,343,A340-300,Airbus,yes,MS,MSR,0
A343,343,A340-300,Airbus,yes,CI,CAL,0
A343,343,A340-300,Airbus,yes,AC,ACA,0
A343,343,A340-300,Airbus,yes,UL,ALK,0
A343,343,A340-300,Airbus,yes,NZ,ANZ,0
A343,343,A340-300,Airbus,yes,PR,PAL,0
A343,343,A340-300,Airbus,yes,CY,CYP,0
A343,343,A340-300,Airbus,yes,CZ,CSN,0
A343,343,A340-300,Airbus,yes,QF,QFA,0
A343,343,A340-300,Airbus,yes,AE,MDA,0
A343,343,A340-300,Airbus,yes,GA,GIA,0
A343,343,A340-300,Airbus,yes,NH,ANA,0
A343,343,A340-300,Airbus,yes,LA,LAN,0
A343,343,A340-300,Airbus,yes,TN,THT,0
A343,343,A340-300,Airbus,yes,US,USA,0
A343,343,A340-300,Airbus,yes,AF,AFR,0
A343,343,A340-300,Airbus,yes,JJ,TAM,0
A343,343,A340-300,Airbus,yes,LX,SWR,0
A343,343,A340-300,Airbus,yes,SN,DAT,0
A343,343,A340-300,Airbus,,,,0
A343,343,A340-300,Airbus,yes,AZ,AZA,0
A343,343,A340-300,Airbus,,,,0
A343,343,A340-300,Airbus,yes,UA,UAL,0
A343,343,A340-300,Airbus,yes,JL,JAL,0
A343,343,A340-300,Airbus,yes,EK,UAE,0
A345,345,A340-500,Airbus,yes,NH,ANA,0
A345,345,A340-500,Airbus,yes,W3,FYH,0
A345,345,A340-500,Airbus,yes,US,USA,0
A345,345,A340-500,Airbus,yes,TK,THY,0
A345,345,A340-500,Airbus,yes,UL,ALK,0
A345,345,A340-500,Airbus,yes,SQ,SIA,0
A345,345,A340-500,Airbus,yes,SA,SAA,0
A345,345,A340-500,Airbus,yes,3S,,0
A345,345,A340-500,Airbus,yes,AZ,AZA,0
A345,345,A340-500,Airbus,yes,EK,UAE,0
A345,345,A340-500,Airbus,yes,VA,VAU,0
A345,345,A340-500,Airbus,yes,EY,ETD,0
A345,345,A340-500,Airbus,,,,0
A346,346,A340-600,Airbus,yes,MU,CES,0
A346,346,A340-600,Airbus,yes,TK,THY,0
A346,346,A340-600,Airbus,yes,CA,CCA,0
A346,346,A340-600,Airbus,yes,QR,QTR,0
A346,346,A340-600,Airbus,,,,0
A346,346,A340-600,Airbus,yes,VA,VAU,0
A346,346,A340-600,Airbus,yes,CO,COA,0
A346,346,A340-600,Airbus,yes,LH,DLH,0
A346,346,A340-600,Airbus,yes,VS,VIR,0
A346,346,A340-600,Airbus,,,,0
A346,346,A340-600,Airbus,,,,0
A346,346,A340-600,Airbus,yes,SA,SAA,0
A346,346,A340-600,Airbus,,,,0
A346,346,A340-600,Airbus,no,,XMS,0
A346,346,A340-600,Airbus,yes,UL,ALK,0
A346,346,A340-600,Airbus,yes,CY,CYP,0
A346,346,A340-600,Airbus,yes,EY,ETD,0
A346,346,A340-600,Airbus,yes,IB,IBE,0
A346,346,A340-600,Airbus,yes,NH,ANA,0
A346,346,A340-600,Airbus,yes,LA,LAN,0
A346,346,A340-600,Airbus,yes,JJ,TAM,0
A346,346,A340-600,Airbus,yes,AZ,AZA,0
A346,346,A340-600,Airbus,,,,0
A346,346,A340-600,Airbus,yes,UA,UAL,0
A388,380,A380,Airbus,yes,CZ,CSN,525
A388,380,A380,Airbus,yes,AA,AAL,525
B732,732,737-200,Boeing,yes,UM,AZW,97
B732,732,737-200,Boeing,yes,SJ,SJY,97
B732,732,737-200,Boeing,yes,Q8,PEC,97
B732,732,737-200,Boeing,,,,97
B732,732,737-200,Boeing,yes,EG,JAA,97
B732,732,737-200,Boeing,yes,5P,,97
B732,732,737-200,Boeing,yes,P9,,97
B732,732,737-200,Boeing,yes,V0,VCV,97
B732,732,737-200,Boeing,yes,DT,DTA,97
B732,732,737-200,Boeing,yes,H2,SKU,97
B732,732,737-200,Boeing,,,,97
B732,732,737-200,Boeing,,,,97
B733,733,737-300,Boeing,yes,MU,CES,128
B733,733,737-300,Boeing,yes,DY,NAX,128
B733,733,737-300,Boeing,yes,Q8,PEC,128
B733,733,737-300,Boeing,yes,T5,TUA,128
B733,733,737-300,Boeing,yes,TP,TAP,128
B733,733,737-300,Boeing,yes,VZ,MYT,128
B733,733,737-300,Boeing,yes,ME,MEA,128
B733,733,737-300,Boeing,yes,PK,PIA,128
B733,733,737-300,Boeing,yes,CA,CCA,128
B733,733,737-300,Boeing,yes,WW,BMI,128
B733,733,737-300,Boeing,no,WH,CNW,128
B733,733,737-300,Boeing,yes,5L,RSU,128
B733,733,737-300,Boeing,yes,JK,JKK,128
B733,733,737-300,Boeing,,,,128
B733,733,737-300,Boeing,yes,DJ,VOZ,128
B733,733,737-300,Boeing,yes,MD,MDG,128
B733,733,737-300,Boeing,yes,WN,SWA,128
B733,733,737-300,Boeing,yes,LH,DLH,128
B733,733,737-300,Boeing,yes,LS,EXS,128
B733,733,737-300,Boeing,yes,PY,SLM,128
B733,733,737-300,Boeing,yes,5T,MPE,128
B733,733,737-300,Boeing,yes,B2,BRU,128
B733,733,737-300,Boeing,yes,RJ,RJA,128
B733,733,737-300,Boeing,yes,SK,SAS,128
B733,733,737-300,Boeing,yes,PW,PRF,128
B733,733,737-300,Boeing,yes,KL,KLM,128
B733,733,737-300,Boeing,yes,U9,TAK,128
B733,733,737-300,Boeing,yes,BT,BTI,128
B733,733,737-300,Boeing,no,,XMS,128
B733,733,737-300,Boeing,yes,KQ,KQA,128
B733,733,737-300,Boeing,yes,A9,TGZ,128
B733,733,737-300,Boeing,yes,KF,BLF,128
B733,733,737-300,Boeing,yes,AC,ACA,128
B733,733,737-300,Boeing,yes,VK,VGN,128
B733,733,737-300,Boeing,yes,OV,ELL,128
B733,733,737-300,Boeing,yes,NZ,ANZ,128
B733,733,737-300,Boeing,yes,CY,CYP,128
B733,733,737-300,Boeing,yes,N5,SGY,128
B733,733,737-300,Boeing,yes,BY,TOM,128
B733,733,737-300,Boeing,yes,OS,AUA,128
B733,733,737-300,Boeing,yes,CZ,CSN,128
B733,733,737-300,Boeing,yes,KX,CAY,128
B733,733,737-300,Boeing,yes,EY,ETD,128
B733,733,737-300,Boeing,yes,QF,QFA,128
B733,733,737-300,Boeing,yes,CQ,KOL,128
B733,733,737-300,Boeing,yes,GA,GIA,128
B733,733,737-300,Boeing,yes,NH,ANA,128
B733,733,737-300,Boeing,yes,RO,ROT,128
B733,733,737-300,Boeing,yes,SU,AFL,128
B733,733,737-300,Boeing,yes,US,USA,128
B733,733,737-300,Boeing,yes,AF,AFR,128
B733,733,737-300,Boeing,yes,SC,CDG,128
B733,733,737-300,Boeing,yes,LX,SWR,128
B733,733,737-300,Boeing,yes,HU,CHH,128
B733,733,737-300,Boeing,yes,OB,ASZ,128
B733,733,737-300,Boeing,yes,JT,LNI,128
B733,733,737-300,Boeing,yes,ON,RON,128
B733,733,737-300,Boeing,yes,P9,,128
B733,733,737-300,Boeing,,,,128
B733,733,737-300,Boeing,yes,SN,DAT,128
B733,733,737-300,Boeing,yes,AZ,AZA,128
B733,733,737-300,Boeing,yes,YK,,128
B733,733,737-300,Boeing,no,ZT,AWC,128
B733,733,737-300,Boeing,yes,PS,AUI,128
B733,733,737-300,Boeing,yes,JU,JAT,128
B733,733,737-300,Boeing,yes,UA,UAL,128
B733,733,737-300,Boeing,no,VB,,128
B733,733,737-300,Boeing,yes,UN,TSO,128
B733,733,737-300,Boeing,,,,128
B734,734,737-400,Boeing,yes,WY,OMA,146
B734,734,737-400,Boeing,yes,LO,LOT,146
B734,734,737-400,Boeing,yes,UP,BHS,146
B734,734,737-400,Boeing,yes,TK,THY,146
B734,734,737-400,Boeing,yes,TP,TAP,146
B734,734,737-400,Boeing,yes,CA,CCA,146
B734,734,737-400,Boeing,,,,146
B734,734,737-400,Boeing,yes,5L,RSU,146
B734,734,737-400,Boeing,yes,JK,JKK,146
B734,734,737-400,Boeing,,,,146
B734,734,737-400,Boeing,yes,AB,BER,146
B734,734,737-400,Boeing,,,,146
B734,734,737-400,Boeing,yes,HX,HXK,146
B734,734,737-400,Boeing,,,,146
B734,734,737-400,Boeing,yes,SK,SAS,146
B734,734,737-400,Boeing,yes,MH,MAS,146
B734,734,737-400,Boeing,yes,KL,KLM,146
B734,734,737-400,Boeing,yes,DD,NOK,146
B734,734,737-400,Boeing,yes,D9,DNV,146
B734,734,737-400,Boeing,yes,U9,TAK,146
B734,734,737-400,Boeing,no,,XMS,146
B734,734,737-400,Boeing,yes,NU,JTA,146
B734,734,737-400,Boeing,yes,MS,MSR,146
B734,734,737-400,Boeing,yes,AA,AAL,146
B734,734,737-400,Boeing,yes,KF,BLF,146
B734,734,737-400,Boeing,yes,MN,CAW,146
B734,734,737-400,Boeing,,,,146
B734,734,737-400,Boeing,,,,146
B734,734,737-400,Boeing,yes,UL,ALK,146
B734,734,737-400,Boeing,yes,SQ,SIA,146
B734,734,737-400,Boeing,yes,S7,SBI,146
B734,734,737-400,Boeing,yes,EY,ETD,146
B734,734,737-400,Boeing,yes,QF,QFA,146
B734,734,737-400,Boeing,yes,CQ,KOL,146
B734,734,737-400,Boeing,yes,NH,ANA,146
B734,734,737-400,Boeing,yes,AT,RAM,146
B734,734,737-400,Boeing,yes,SU,AFL,146
B734,734,737-400,Boeing,yes,US,USA,146
B734,734,737-400,Boeing,yes,HU,CHH,146
B734,734,737-400,Boeing,yes,JT,LNI,146
B734,734,737-400,Boeing,yes,SN,DAT,146
B734,734,737-400,Boeing,yes,AZ,AZA,146
B734,734,737-400,Boeing,yes,PS,AUI,146
B734,734,737-400,Boeing,,,,146
B734,734,737-400,Boeing,yes,UA,UAL,146
B734,734,737-400,Boeing,yes,JL,JAL,146
B734,734,737-400,Boeing,yes,UN,TSO,146
B734,734,737-400,Boeing,,,,146
B735,735,737-500,Boeing,yes,LO,LOT,108
B735,735,737-500,Boeing,yes,WB,RWD,108
B735,735,737-500,Boeing,yes,WW,BMI,108
B735,735,737-500,Boeing,yes,YC,YCC,108
B735,735,737-500,Boeing,yes,QR,QTR,108
B735,735,737-500,Boeing,yes,JK,JKK,108
B735,735,737-500,Boeing,,,,108
B735,735,737-500,Boeing,yes,SD,SUD,108
B735,735,737-500,Boeing,yes,WN,SWA,108
B735,735,737-500,Boeing,yes,Y7,,108
B735,735,737-500,Boeing,yes,CO,COA,108
B735,735,737-500,Boeing,yes,LH,DLH,108
B735,735,737-500,Boeing,yes,OK,CSA,108
B735,735,737-500,Boeing,,,,108
B735,735,737-500,Boeing,yes,FV,SDM,108
B735,735,737-500,Boeing,yes,DV,VSV,108
B735,735,737-500,Boeing,yes,SW,NMB,108
B735,735,737-500,Boeing,yes,HD,ADO,108
B735,735,737-500,Boeing,yes,B2,BRU,108
B735,735,737-500,Boeing,yes,SK,SAS,108
B735,735,737-500,Boeing,yes,Z6,ZTT,108
B735,735,737-500,Boeing,yes,AR,ARG,108
B735,735,737-500,Boeing,yes,U9,TAK,108
B735,735,737-500,Boeing,yes,D9,DNV,108
B735,735,737-500,Boeing,yes,BT,BTI,108
B735,735,737-500,Boeing,yes,MS,MSR,108
B735,735,737-500,Boeing,yes,AC,ACA,108
B735,735,737-500,Boeing,yes,QS,TVS,108
B735,735,737-500,Boeing,yes,5N,AUL,108
B735,735,737-500,Boeing,,,,108
B735,735,737-500,Boeing,yes,4D,ASD,108
B735,735,737-500,Boeing,yes,OV,ELL,108
B735,735,737-500,Boeing,,,,108
B735,735,737-500,Boeing,yes,OS,AUA,108
B735,735,737-500,Boeing,yes,TU,TAR,108
B735,735,737-500,Boeing,yes,S7,SBI,108
B735,735,737-500,Boeing,yes,R2,ORB,108
B735,735,737-500,Boeing,yes,EY,ETD,108
B735,735,737-500,Boeing,yes,SU,AFL,108
B735,735,737-500,Boeing,yes,IB,IBE,108
B735,735,737-500,Boeing,yes,GA,GIA,108
B735,735,737-500,Boeing,yes,NH,ANA,108
B735,735,737-500,Boeing,yes,FB,LZB,108
B735,735,737-500,Boeing,yes,LX,SWR,108
B735,735,737-500,Boeing,yes,SN,DAT,108
B735,735,737-500,Boeing,yes,AZ,AZA,108
B735,735,737-500,Boeing,yes,PS,AUI,108
B735,735,737-500,Boeing,yes,MI,SLK,108
B735,735,737-500,Boeing,yes,UA,UAL,108
B735,735,737-500,Boeing,yes,CM,CMP,108
B735,735,737-500,Boeing,yes,UN,TSO,108
B735,735,737-500,Boeing,,,,108
B736,736,737-600,Boeing,,,,108
B736,736,737-600,Boeing,yes,AB,BER,108
B736,736,737-600,Boeing,yes,LH,DLH,108
B736,736,737-600,Boeing,,,,108
B736,736,737-600,Boeing,yes,FV,SDM,108
B736,736,737-600,Boeing,yes,RJ,RJA,108
B736,736,737-600,Boeing,yes,SK,SAS,108
B736,736,737-600,Boeing,yes,KL,KLM,108
B736,736,737-600,Boeing,yes,ZE,ESR,108
B736,736,737-600,Boeing,no,,XMS,108
B736,736,737-600,Boeing,,,,108
B736,736,737-600,Boeing,yes,OS,AUA,108
B736,736,737-600,Boeing,yes,TU,TAR,108
B736,736,737-600,Boeing,yes,QF,QFA,108
B736,736,737-600,Boeing,yes,IB,IBE,108
B736,736,737-600,Boeing,yes,FB,LZB,108
B736,736,737-600,Boeing,yes,AH,DAH,108
B736,736,737-600,Boeing,yes,LX,SWR,108
B736,736,737-600,Boeing,yes,AZ,AZA,108
B737,737,737-700,Boeing,yes,MU,CES,128
B737,737,737-700,Boeing,yes,WY,OMA,128
B737,737,737-700,Boeing,yes,UP,BHS,128
B737,737,737-700,Boeing,yes,T5,TUA,128
B737,737,737-700,Boeing,yes,MF,CXA,128
B737,737,737-700,Boeing,yes,UX,AEA,128
B737,737,737-700,Boeing,yes,BV,BPA,128
B737,737,737-700,Boeing,yes,CA,CCA,128
B737,737,737-700,Boeing,yes,5L,RSU,128
B737,737,737-700,Boeing,yes,QR,QTR,128
B737,737,737-700,Boeing,yes,HZ,SOZ,128
B737,737,737-700,Boeing,yes,OM,MGL,128
B737,737,737-700,Boeing,,,,128
B737,737,737-700,Boeing,yes,DV,VSV,128
B737,737,737-700,Boeing,,,,128
B737,737,737-700,Boeing,yes,ZH,CSZ,128
B737,737,737-700,Boeing,yes,BL,PIC,128
B737,737,737-700,Boeing,no,V2,AKT,128
B737,737,737-700,Boeing,yes,D6,ILN,128
B737,737,737-700,Boeing,yes,Z6,ZTT,128
B737,737,737-700,Boeing,yes,KL,KLM,128
B737,737,737-700,Boeing,yes,GW,KIL,128
B737,737,737-700,Boeing,yes,ZE,ESR,128
B737,737,737-700,Boeing,yes,KR,CWK,128
B737,737,737-700,Boeing,,,,128
B737,737,737-700,Boeing,yes,QJ,,128
B737,737,737-700,Boeing,yes,AA,AAL,128
B737,737,737-700,Boeing,yes,A9,TGZ,128
B737,737,737-700,Boeing,yes,M7,MAA,128
B737,737,737-700,Boeing,yes,UN,TSO,128
B737,737,737-700,Boeing,yes,5N,AUL,128
B737,737,737-700,Boeing,yes,4N,ANT,128
B737,737,737-700,Boeing,yes,HV,TRA,128
B737,737,737-700,Boeing,,,,128
B737,737,737-700,Boeing,yes,NS,,128
B737,737,737-700,Boeing,yes,QC,,128
B737,737,737-700,Boeing,yes,FM,CSH,128
B737,737,737-700,Boeing,,,,128
B737,737,737-700,Boeing,yes,SG,SEJ,128
B737,737,737-700,Boeing,yes,8J,JFU,128
B737,737,737-700,Boeing,yes,7F,FAB,128
B737,737,737-700,Boeing,yes,OS,AUA,128
B737,737,737-700,Boeing,yes,CZ,CSN,128
B737,737,737-700,Boeing,yes,QH,FLZ,128
B737,737,737-700,Boeing,yes,EY,ETD,128
B737,737,737-700,Boeing,,,,128
B737,737,737-700,Boeing,yes,BC,SKY,128
B737,737,737-700,Boeing,,,,128
B737,737,737-700,Boeing,yes,GA,GIA,128
B737,737,737-700,Boeing,yes,IB,IBE,128
B737,737,737-700,Boeing,yes,LA,LAN,128
B737,737,737-700,Boeing,yes,NH,ANA,128
B737,737,737-700,Boeing,,,,128
B737,737,737-700,Boeing,yes,SC,CDG,128
B737,737,737-700,Boeing,yes,BD,BMA,128
B737,737,737-700,Boeing,yes,HU,CHH,128
B737,737,737-700,Boeing,yes,TM,,128
B737,737,737-700,Boeing,yes,US,USA,128
B737,737,737-700,Boeing,,,,128
B737,737,737-700,Boeing,yes,R3,SYL,128
B737,737,737-700,Boeing,,,,128
B737,737,737-700,Boeing,yes,AZ,AZA,128
B737,737,737-700,Boeing,yes,CG,TOK,128
B737,737,737-700,Boeing,yes,PS,AUI,128
B737,737,737-700,Boeing,,,,128
B737,737,737-700,Boeing,,,,128
B737,737,737-700,Boeing,yes,H2,SKU,128
B737,737,737-700,Boeing,yes,YK,,128
B737,737,737-700,Boeing,yes,JL,JAL,128
B737,737,737-700,Boeing,yes,J2,AHY,128
B737,737,737-700,Boeing,yes,8L,CGP,128
B737,737,737-700,Boeing,yes,FG,AFG,128
B737,737,737-700,Boeing,yes,TW,TWB,128
B738,738,737-800,Boeing,yes,MU,CES,160
B738,738,737-800,Boeing,,,,160
B738,738,737-800,Boeing,yes,XQ,SXS,160
B738,738,737-800,Boeing,yes,QR,QTR,160
B738,738,737-800,Boeing,yes,TS,TSC,160
B738,738,737-800,Boeing,yes,UU,REU,160
B738,738,737-800,Boeing,yes,S2,RSH,160
B738,738,737-800,Boeing,yes,Y7,,160
B738,738,737-800,Boeing,yes,LH,DLH,160
B738,738,737-800,Boeing,yes,FV,SDM,160
B738,738,737-800,Boeing,yes,ZH,CSZ,160
B738,738,737-800,Boeing,yes,KU,KAC,160
B738,738,737-800,Boeing,yes,QJ,,160
B738,738,737-800,Boeing,yes,PC,PGT,160
B738,738,737-800,Boeing,yes,AA,AAL,160
B738,738,737-800,Boeing,,,,160
B738,738,737-800,Boeing,yes,FM,CSH,160
B738,738,737-800,Boeing,yes,PR,PAL,160
B738,738,737-800,Boeing,yes,SY,SCX,160
B738,738,737-800,Boeing,yes,ET,ETH,160
B738,738,737-800,Boeing,yes,JL,JAL,160
B738,738,737-800,Boeing,yes,CM,CMP,160
B738,738,737-800,Boeing,yes,LY,ELY,160
B738,738,737-800,Boeing,yes,OR,TFL,160
B738,738,737-800,Boeing,yes,UN,TSO,160
B738,738,737-800,Boeing,yes,WB,RWD,160
B738,738,737-800,Boeing,yes,T5,TUA,160
B738,738,737-800,Boeing,yes,MF,CXA,160
B738,738,737-800,Boeing,yes,FR,RYR,160
B738,738,737-800,Boeing,yes,AB,BER,160
B738,738,737-800,Boeing,yes,BW,BWA,160
B738,738,737-800,Boeing,yes,IY,IYE,160
B738,738,737-800,Boeing,yes,GE,TNA,160
B738,738,737-800,Boeing,yes,HX,HXK,160
B738,738,737-800,Boeing,,,,160
B738,738,737-800,Boeing,yes,SK,SAS,160
B738,738,737-800,Boeing,yes,MH,MAS,160
B738,738,737-800,Boeing,no,,XMS,160
B738,738,737-800,Boeing,yes,BK,PDC,160
B738,738,737-800,Boeing,yes,HV,TRA,160
B738,738,737-800,Boeing,yes,NS,,160
B738,738,737-800,Boeing,yes,SE,SEU,160
B738,738,737-800,Boeing,yes,CN,YCP,160
B738,738,737-800,Boeing,yes,GA,GIA,160
B738,738,737-800,Boeing,yes,IB,IBE,160
B738,738,737-800,Boeing,yes,BD,BMA,160
B738,738,737-800,Boeing,yes,R3,SYL,160
B738,738,737-800,Boeing,yes,AZ,AZA,160
B738,738,737-800,Boeing,yes,UA,UAL,160
B738,738,737-800,Boeing,yes,QS,TVS,160
B738,738,737-800,Boeing,yes,J2,AHY,160
B738,738,737-800,Boeing,yes,8L,CGP,160
B738,738,737-800,Boeing,yes,VN,HVN,160
B738,738,737-800,Boeing,yes,TK,THY,160
B738,738,737-800,Boeing,yes,UX,AEA,160
B738,738,737-800,Boeing,yes,CA,CCA,160
B738,738,737-800,Boeing,yes,JK,JKK,160
B738,738,737-800,Boeing,,,,160
B738,738,737-800,Boeing,,,,160
B738,738,737-800,Boeing,yes,W3,FYH,160
B738,738,737-800,Boeing,,,,160
B738,738,737-800,Boeing,yes,SA,SAA,160
B738,738,737-800,Boeing,yes,NF,AVN,160
B738,738,737-800,Boeing,yes,MS,MSR,160
B738,738,737-800,Boeing,yes,JE,MNO,160
B738,738,737-800,Boeing,yes,AC,ACA,160
B738,738,737-800,Boeing,yes,VK,VGN,160
B738,738,737-800,Boeing,yes,5N,AUL,160
B738,738,737-800,Boeing,,,,160
B738,738,737-800,Boeing,yes,S7,SBI,160
B738,738,737-800,Boeing,yes,R2,ORB,160
B738,738,737-800,Boeing,yes,AT,RAM,160
B738,738,737-800,Boeing,yes,AH,DAH,160
B738,738,737-800,Boeing,yes,LX,SWR,160
B738,738,737-800,Boeing,yes,HU,CHH,160
B738,738,737-800,Boeing,yes,PS,AUI,160
B738,738,737-800,Boeing,,,,160
B738,738,737-800,Boeing,yes,BG,BBC,160
B738,738,737-800,Boeing,yes,WY,OMA,160
B738,738,737-800,Boeing,yes,TP,TAP,160
B738,738,737-800,Boeing,yes,PK,PIA,160
B738,738,737-800,Boeing,,,,160
B738,738,737-800,Boeing,yes,CO,COA,160
B738,738,737-800,Boeing,yes,TO,TVF,160
B738,738,737-800,Boeing,yes,KL,KLM,160
B738,738,737-800,Boeing,yes,DD,NOK,160
B738,738,737-800,Boeing,yes,KQ,KQA,160
B738,738,737-800,Boeing,yes,CI,CAL,160
B738,738,737-800,Boeing,,,,160
B738,738,737-800,Boeing,yes,MN,CAW,160
B738,738,737-800,Boeing,yes,LJ,JNA,160
B738,738,737-800,Boeing,yes,G3,CIX,160
B738,738,737-800,Boeing,yes,NZ,ANZ,160
B738,738,737-800,Boeing,yes,OS,AUA,160
B738,738,737-800,Boeing,yes,CZ,CSN,160
B738,738,737-800,Boeing,yes,EY,ETD,160
B738,738,737-800,Boeing,yes,AE,MDA,160
B738,738,737-800,Boeing,,,,160
B738,738,737-800,Boeing,yes,GF,GBA,160
B738,738,737-800,Boeing,yes,NH,ANA,160
B738,738,737-800,Boeing,yes,AF,AFR,160
B738,738,737-800,Boeing,yes,SC,CDG,160
B738,738,737-800,Boeing,,,,160
B738,738,737-800,Boeing,yes,SN,DAT,160
B738,738,737-800,Boeing,yes,KN,,160
B738,738,737-800,Boeing,,,,160
B739,739,737-900,Boeing,yes,MU,CES,177
B739,739,737-900,Boeing,yes,ZH,CSZ,177
B739,739,737-900,Boeing,,,,177
B739,739,737-900,Boeing,yes,JT,LNI,177
B739,739,737-900,Boeing,yes,CA,CCA,177
B739,739,737-900,Boeing,,,,177
B739,739,737-900,Boeing,,,,177
B739,739,737-900,Boeing,yes,S2,RSH,177
B739,739,737-900,Boeing,yes,UA,UAL,177
B739,739,737-900,Boeing,yes,CM,CMP,177
B739,739,737-900,Boeing,yes,QJ,,177
B739,739,737-900,Boeing,yes,CO,COA,177
B739,739,737-900,Boeing,yes,JL,JAL,177
B743,743,747-300,Boeing,yes,SV,SVA,412
B743,743,747-300,Boeing,yes,PK,PIA,412
B743,743,747-300,Boeing,yes,BG,BBC,412
B743,743,747-300,Boeing,yes,UN,TSO,412
B744,744,747-400,Boeing,yes,MU,CES,416
B744,744,747-400,Boeing,yes,BR,EVA,416
B744,744,747-400,Boeing,yes,TK,THY,416
B744,744,747-400,Boeing,yes,CA,CCA,416
B744,744,747-400,Boeing,no,W2,CWA,416
B744,744,747-400,Boeing,yes,5L,RSU,416
B744,744,747-400,Boeing,yes,JK,JKK,416
B744,744,747-400,Boeing,,,,416
B744,744,747-400,Boeing,yes,DJ,VOZ,416
B744,744,747-400,Boeing,,,,416
B744,744,747-400,Boeing,yes,MD,MDG,416
B744,744,747-400,Boeing,yes,CO,COA,416
B744,744,747-400,Boeing,yes,LH,DLH,416
B744,744,747-400,Boeing,yes,VS,VIR,416
B744,744,747-400,Boeing,,,,416
B744,744,747-400,Boeing,yes,SA,SAA,416
B744,744,747-400,Boeing,yes,SK,SAS,416
B744,744,747-400,Boeing,yes,MH,MAS,416
B744,744,747-400,Boeing,yes,AR,ARG,416
B744,744,747-400,Boeing,no,,XMS,416
B744,744,747-400,Boeing,yes,FJ,FJI,416
B744,744,747-400,Boeing,yes,QJ,,416
B744,744,747-400,Boeing,yes,KQ,KQA,416
B744,744,747-400,Boeing,yes,CI,CAL,416
B744,744,747-400,Boeing,yes,AA,AAL,416
B744,744,747-400,Boeing,,,,416
B744,744,747-400,Boeing,yes,UL,ALK,416
B744,744,747-400,Boeing,yes,NZ,ANZ,416
B744,744,747-400,Boeing,yes,SQ,SIA,416
B744,744,747-400,Boeing,yes,PR,PAL,416
B744,744,747-400,Boeing,yes,CY,CYP,416
B744,744,747-400,Boeing,yes,SV,SVA,416
B744,744,747-400,Boeing,yes,SS,CRL,416
B744,744,747-400,Boeing,yes,PG,BKP,416
B744,744,747-400,Boeing,yes,AE,MDA,416
B744,744,747-400,Boeing,yes,GA,GIA,416
B744,744,747-400,Boeing,yes,IB,IBE,416
B744,744,747-400,Boeing,yes,NH,ANA,416
B744,744,747-400,Boeing,yes,QF,QFA,416
B744,744,747-400,Boeing,yes,US,USA,416
B744,744,747-400,Boeing,yes,AF,AFR,416
B744,744,747-400,Boeing,,,,416
B744,744,747-400,Boeing,yes,JT,LNI,416
B744,744,747-400,Boeing,,,,416
B744,744,747-400,Boeing,yes,AZ,AZA,416
B744,744,747-400,Boeing,,,,416
B744,744,747-400,Boeing,yes,UA,UAL,416
B744,744,747-400,Boeing,yes,JL,JAL,416
B744,744,747-400,Boeing,yes,UN,TSO,416
B744,744,747-400,Boeing,yes,LY,ELY,416
B74S,74L,747SP,Boeing,yes,IR,IRA,297
B752,752,757-200,Boeing,yes,T5,TUA,186
B752,752,757-200,Boeing,yes,TK,THY,186
B752,752,757-200,Boeing,yes,PK,PIA,186
B752,752,757-200,Boeing,yes,CA,CCA,186
B752,752,757-200,Boeing,no,W2,CWA,186
B752,752,757-200,Boeing,yes,JK,JKK,186
B752,752,757-200,Boeing,,,,186
B752,752,757-200,Boeing,yes,FQ,TCW,186
B752,752,757-200,Boeing,,,,186
B752,752,757-200,Boeing,yes,U8,RNV,186
B752,752,757-200,Boeing,yes,CO,COA,186
B752,752,757-200,Boeing,yes,LH,DLH,186
B752,752,757-200,Boeing,yes,LS,EXS,186
B752,752,757-200,Boeing,yes,KC,KZR,186
B752,752,757-200,Boeing,,,,186
B752,752,757-200,Boeing,yes,SA,SAA,186
B752,752,757-200,Boeing,yes,HY,UZB,186
B752,752,757-200,Boeing,yes,MH,MAS,186
B752,752,757-200,Boeing,yes,SK,SAS,186
B752,752,757-200,Boeing,yes,KL,KLM,186
B752,752,757-200,Boeing,no,,XMS,186
B752,752,757-200,Boeing,,,,186
B752,752,757-200,Boeing,yes,OF,FIF,186
B752,752,757-200,Boeing,yes,EC,TWN,186
B752,752,757-200,Boeing,yes,CZ,CSN,186
B752,752,757-200,Boeing,yes,NN,MOV,186
B752,752,757-200,Boeing,yes,IB,IBE,186
B752,752,757-200,Boeing,yes,XF,VLK,186
B752,752,757-200,Boeing,yes,US,USA,186
B752,752,757-200,Boeing,yes,AF,AFR,186
B752,752,757-200,Boeing,yes,R3,SYL,186
B752,752,757-200,Boeing,yes,ET,ETH,186
B752,752,757-200,Boeing,yes,AZ,AZA,186
B752,752,757-200,Boeing,yes,LR,LRC,186
B752,752,757-200,Boeing,,,,186
B752,752,757-200,Boeing,yes,UA,UAL,186
B753,753,757-300,Boeing,yes,CZ,CSN,243
B753,753,757-300,Boeing,yes,IZ,AIZ,243
B753,753,757-300,Boeing,yes,KL,KLM,243
B753,753,757-300,Boeing,,,,243
B753,753,757-300,Boeing,yes,FQ,TCW,243
B753,753,757-300,Boeing,yes,DE,CFG,243
B753,753,757-300,Boeing,,,,243
B753,753,757-300,Boeing,yes,UA,UAL,243
B753,753,757-300,Boeing,yes,CM,CMP,243
B753,753,757-300,Boeing,yes,CO,COA,243
B762,762,767-200,Boeing,,,,216
B762,762,767-200,Boeing,yes,CA,CCA,216
B762,762,767-200,Boeing,yes,AZ,AZA,216
B762,762,767-200,Boeing,,,,216
B762,762,767-200,Boeing,yes,UA,UAL,216
B762,762,767-200,Boeing,yes,LY,ELY,216
B762,762,767-200,Boeing,yes,UM,AZW,216
B762,762,767-200,Boeing,yes,CO,COA,216
B762,762,767-200,Boeing,yes,AA,AAL,216
B762,762,767-200,Boeing,yes,LH,DLH,216
B762,762,767-200,Boeing,,,,216
B763,763,767-300,Boeing,yes,MU,CES,261
B763,763,767-300,Boeing,yes,LO,LOT,261
B763,763,767-300,Boeing,yes,TK,THY,261
B763,763,767-300,Boeing,yes,UX,AEA,261
B763,763,767-300,Boeing,yes,CA,CCA,261
B763,763,767-300,Boeing,,,,261
B763,763,767-300,Boeing,,,,261
B763,763,767-300,Boeing,yes,DJ,VOZ,261
B763,763,767-300,Boeing,yes,DE,CFG,261
B763,763,767-300,Boeing,yes,FQ,TCW,261
B763,763,767-300,Boeing,,,,261
B763,763,767-300,Boeing,yes,8B,BCC,261
B763,763,767-300,Boeing,yes,MD,MDG,261
B763,763,767-300,Boeing,yes,VA,VAU,261
B763,763,767-300,Boeing,yes,CO,COA,261
B763,763,767-300,Boeing,yes,AB,BER,261
B763,763,767-300,Boeing,yes,LH,DLH,261
B763,763,767-300,Boeing,,,,261
B763,763,767-300,Boeing,yes,FV,SDM,261
B763,763,767-300,Boeing,yes,HA,HAL,261
B763,763,767-300,Boeing,yes,ZH,CSZ,261
B763,763,767-300,Boeing,yes,HD,ADO,261
B763,763,767-300,Boeing,yes,SA,SAA,261
B763,763,767-300,Boeing,yes,HY,UZB,261
B763,763,767-300,Boeing,yes,MH,MAS,261
B763,763,767-300,Boeing,yes,SK,SAS,261
B763,763,767-300,Boeing,,,,261
B763,763,767-300,Boeing,yes,KL,KLM,261
B763,763,767-300,Boeing,yes,PX,ANG,261
B763,763,767-300,Boeing,yes,BT,BTI,261
B763,763,767-300,Boeing,no,,XMS,261
B763,763,767-300,Boeing,yes,FJ,FJI,261
B763,763,767-300,Boeing,yes,QJ,,261
B763,763,767-300,Boeing,yes,KQ,KQA,261
B763,763,767-300,Boeing,yes,AA,AAL,261
B763,763,767-300,Boeing,yes,AC,ACA,261
B763,763,767-300,Boeing,,,,261
B763,763,767-300,Boeing,yes,8F,STP,261
B763,763,767-300,Boeing,yes,UL,ALK,261
B763,763,767-300,Boeing,yes,NZ,ANZ,261
B763,763,767-300,Boeing,yes,SQ,SIA,261
B763,763,767-300,Boeing,,,,261
B763,763,767-300,Boeing,yes,FM,CSH,261
B763,763,767-300,Boeing,yes,4M,DSM,261
B763,763,767-300,Boeing,yes,SV,SVA,261
B763,763,767-300,Boeing,yes,OS,AUA,261
B763,763,767-300,Boeing,yes,TN,THT,261
B763,763,767-300,Boeing,yes,S7,SBI,261
B763,763,767-300,Boeing,yes,QF,QFA,261
B763,763,767-300,Boeing,yes,SU,AFL,261
B763,763,767-300,Boeing,,,,261
B763,763,767-300,Boeing,yes,IB,IBE,261
B763,763,767-300,Boeing,yes,AT,RAM,261
B763,763,767-300,Boeing,yes,LA,LAN,261
B763,763,767-300,Boeing,yes,LP,LPE,261
B763,763,767-300,Boeing,yes,NH,ANA,261
B763,763,767-300,Boeing,yes,AF,AFR,261
B763,763,767-300,Boeing,yes,JJ,TAM,261
B763,763,767-300,Boeing,yes,LX,SWR,261
B763,763,767-300,Boeing,yes,BD,BMA,261
B763,763,767-300,Boeing,yes,HU,CHH,261
B763,763,767-300,Boeing,yes,TM,,261
B763,763,767-300,Boeing,yes,US,USA,261
B763,763,767-300,Boeing,yes,SN,DAT,261
B763,763,767-300,Boeing,,,,261
B763,763,767-300,Boeing,yes,ET,ETH,261
B763,763,767-300,Boeing,yes,AZ,AZA,261
B763,763,767-300,Boeing,,,,261
B763,763,767-300,Boeing,yes,UA,UAL,261
B763,763,767-300,Boeing,yes,JL,JAL,261
B763,763,767-300,Boeing,yes,UN,TSO,261
B763,763,767-300,Boeing,yes,OR,TFL,261
B763,763,767-300,Boeing,yes,LY,ELY,261
B763,763,767-300,Boeing,,,,261
B763,763,767-300,Boeing,yes,HM,SEY,261
B764,764,767-400,Boeing,yes,AF,AFR,243
B764,764,767-400,Boeing,yes,AZ,AZA,243
B764,764,767-400,Boeing,,,,243
B764,764,767-400,Boeing,yes,UA,UAL,243
B764,764,767-400,Boeing,yes,CO,COA,243
B764,764,767-400,Boeing,yes,LH,DLH,243
B772,772,777-200,Boeing,yes,MU,CES,305
B772,772,777-200,Boeing,yes,TK,THY,305
B772,772,777-200,Boeing,yes,PK,PIA,305
B772,772,777-200,Boeing,yes,BI,RBA,305
B772,772,777-200,Boeing,yes,CA,CCA,305
B772,772,777-200,Boeing,,,,305
B772,772,777-200,Boeing,yes,DJ,VOZ,305
B772,772,777-200,Boeing,yes,UU,REU,305
B772,772,777-200,Boeing,,,,305
B772,772,777-200,Boeing,yes,MD,MDG,305
B772,772,777-200,Boeing,yes,OK,CSA,305
B772,772,777-200,Boeing,,,,305
B772,772,777-200,Boeing,yes,SA,SAA,305
B772,772,777-200,Boeing,yes,SK,SAS,305
B772,772,777-200,Boeing,yes,MH,MAS,305
B772,772,777-200,Boeing,yes,KU,KAC,305
B772,772,777-200,Boeing,yes,DT,DTA,305
B772,772,777-200,Boeing,yes,KL,KLM,305
B772,772,777-200,Boeing,yes,QJ,,305
B772,772,777-200,Boeing,yes,KQ,KQA,305
B772,772,777-200,Boeing,yes,MS,MSR,305
B772,772,777-200,Boeing,yes,AC,ACA,305
B772,772,777-200,Boeing,,,,305
B772,772,777-200,Boeing,yes,UL,ALK,305
B772,772,777-200,Boeing,yes,NZ,ANZ,305
B772,772,777-200,Boeing,yes,SQ,SIA,305
B772,772,777-200,Boeing,yes,SV,SVA,305
B772,772,777-200,Boeing,yes,OS,AUA,305
B772,772,777-200,Boeing,yes,CZ,CSN,305
B772,772,777-200,Boeing,yes,PG,BKP,305
B772,772,777-200,Boeing,yes,QF,QFA,305
B772,772,777-200,Boeing,yes,NH,ANA,305
B772,772,777-200,Boeing,yes,UN,TSO,305
B772,772,777-200,Boeing,yes,AF,AFR,305
B772,772,777-200,Boeing,,,,305
B772,772,777-200,Boeing,yes,AZ,AZA,305
B772,772,777-200,Boeing,,,,305
B772,772,777-200,Boeing,yes,JL,JAL,305
B772,772,777-200,Boeing,yes,EK,UAE,305
B772,772,777-200,Boeing,yes,LY,ELY,305
B773,773,777-300,Boeing,yes,TK,THY,0
B773,773,777-300,Boeing,yes,PK,PIA,0
B773,773,777-300,Boeing,yes,CA,CCA,0
B773,773,777-300,Boeing,,,,0
B773,773,777-300,Boeing,yes,DJ,VOZ,0
B773,773,777-300,Boeing,yes,MK,MAU,0
B773,773,777-300,Boeing,yes,CO,COA,0
B773,773,777-300,Boeing,,,,0
B773,773,777-300,Boeing,yes,MH,MAS,0
B773,773,777-300,Boeing,yes,DT,DTA,0
B773,773,777-300,Boeing,yes,MS,MSR,0
B773,773,777-300,Boeing,yes,KQ,KQA,0
B773,773,777-300,Boeing,yes,AA,AAL,0
B773,773,777-300,Boeing,,,,0
B773,773,777-300,Boeing,yes,NZ,ANZ,0
B773,773,777-300,Boeing,yes,SQ,SIA,0
B773,773,777-300,Boeing,yes,PR,PAL,0
B773,773,777-300,Boeing,yes,CZ,CSN,0
B773,773,777-300,Boeing,yes,NH,ANA,0
B773,773,777-300,Boeing,yes,UN,TSO,0
B773,773,777-300,Boeing,yes,JJ,TAM,0
B773,773,777-300,Boeing,yes,BD,BMA,0
B773,773,777-300,Boeing,,,,0
B773,773,777-300,Boeing,,,,0
B773,773,777-300,Boeing,yes,UA,UAL,0
B773,773,777-300,Boeing,yes,JL,JAL,0
B773,773,777-300,Boeing,yes,EK,UAE,0
B773,773,777-300,Boeing,yes,BG,BBC,0
A140,A40,An-140,Antonow / Antonov,yes,R3,SYL,52
A140,A40,An-140,Antonow / Antonov,yes,XF,VLK,52
DH8A,DH8,DHC-8 Dash 8,Bombardier,yes,WB,RWD,86
DH8A,DH8,DHC-8 Dash 8,Bombardier,yes,UP,BHS,86
DH8A,DH8,DHC-8 Dash 8,Bombardier,yes,WP,MKU,86
DH8A,DH8,DHC-8 Dash 8,Bombardier,yes,IE,SOL,86
DH8A,DH8,DHC-8 Dash 8,Bombardier,,,,86
DH8A,DH8,DHC-8 Dash 8,Bombardier,yes,HZ,SOZ,86
DH8A,DH8,DHC-8 Dash 8,Bombardier,yes,CO,COA,86
DH8A,DH8,DHC-8 Dash 8,Bombardier,yes,LH,DLH,86
DH8A,DH8,DHC-8 Dash 8,Bombardier,,,,86
DH8A,DH8,DHC-8 Dash 8,Bombardier,yes,HA,HAL,86
DH8A,DH8,DHC-8 Dash 8,Bombardier,yes,5T,MPE,86
DH8A,DH8,DHC-8 Dash 8,Bombardier,no,RX,AEH,86
DH8A,DH8,DHC-8 Dash 8,Bombardier,yes,PX,ANG,86
DH8A,DH8,DHC-8 Dash 8,Bombardier,yes,OC,,86
DH8A,DH8,DHC-8 Dash 8,Bombardier,,,,86
DH8A,DH8,DHC-8 Dash 8,Bombardier,yes,CY,CYP,86
DH8A,DH8,DHC-8 Dash 8,Bombardier,yes,NY,FXI,86
DH8A,DH8,DHC-8 Dash 8,Bombardier,yes,SG,SEJ,86
DH8A,DH8,DHC-8 Dash 8,Bombardier,yes,QF,QFA,86
DH8A,DH8,DHC-8 Dash 8,Bombardier,yes,NH,ANA,86
DH8A,DH8,DHC-8 Dash 8,Bombardier,yes,US,USA,86
DH8A,DH8,DHC-8 Dash 8,Bombardier,yes,BD,BMA,86
DH8A,DH8,DHC-8 Dash 8,Bombardier,yes,JT,LNI,86
DH8A,DH8,DHC-8 Dash 8,Bombardier,yes,MR,OME,86
DH8A,DH8,DHC-8 Dash 8,Bombardier,yes,ET,ETH,86
DH8A,DH8,DHC-8 Dash 8,Bombardier,yes,OA,OAL,86
DH8A,DH8,DHC-8 Dash 8,Bombardier,,,,86
DH8A,DH8,DHC-8 Dash 8,Bombardier,yes,CG,TOK,86
DH8A,DH8,DHC-8 Dash 8,Bombardier,yes,UA,UAL,86
DH8A,DH8,DHC-8 Dash 8,Bombardier,yes,4H,UBD,86
DH8A,DH8,DHC-8 Dash 8,Bombardier,yes,5H,FFV,86
F100,100,Fokker 100,Fokker,yes,TP,TAP,109
F100,100,Fokker 100,Fokker,yes,IE,SOL,109
F100,100,Fokker 100,Fokker,yes,O6,ONE,109
F100,100,Fokker 100,Fokker,yes,JK,JKK,109
F100,100,Fokker 100,Fokker,yes,DJ,VOZ,109
F100,100,Fokker 100,Fokker,yes,LH,DLH,109
F100,100,Fokker 100,Fokker,,,,109
F100,100,Fokker 100,Fokker,yes,FV,SDM,109
F100,100,Fokker 100,Fokker,yes,V3,KRP,109
F100,100,Fokker 100,Fokker,yes,XR,,109
F100,100,Fokker 100,Fokker,yes,KL,KLM,109
F100,100,Fokker 100,Fokker,yes,PX,ANG,109
F100,100,Fokker 100,Fokker,yes,9H,,109
F100,100,Fokker 100,Fokker,yes,YM,MGX,109
F100,100,Fokker 100,Fokker,,,,109
F100,100,Fokker 100,Fokker,yes,2M,MDV,109
F100,100,Fokker 100,Fokker,yes,OS,AUA,109
F100,100,Fokker 100,Fokker,yes,EY,ETD,109
F100,100,Fokker 100,Fokker,yes,QF,QFA,109
F100,100,Fokker 100,Fokker,yes,IR,IRA,109
F100,100,Fokker 100,Fokker,yes,FB,LZB,109
F100,100,Fokker 100,Fokker,yes,LX,SWR,109
F100,100,Fokker 100,Fokker,yes,BD,BMA,109
F100,100,Fokker 100,Fokker,yes,EP,IRC,109
F100,100,Fokker 100,Fokker,yes,SN,DAT,109
F100,100,Fokker 100,Fokker,yes,2L,OAW,109
F100,100,Fokker 100,Fokker,yes,AZ,AZA,109
I114,I14,Il-114,Iljuschin / Ilyushin,yes,HY,UZB,64
A30B,,A300,Airbus,,,,266
,,AS.57 Ambassador,Airspeed,,,,47
,,An-10,Antonow / Antonov,,,,84
,,247,Boeing,,,,10
,,307 Stratoliner,Boeing,,,,33
,,377 Stratocruiser,Boeing,,,,63
B701,701,707,Boeing,,,,0
B712,712,717,Boeing,,,,106
B720,720,720,Boeing,,,,720
B721,721,727,Boeing,,,,134
B731,731,737-100,Boeing,,,,85
B741,741,747-100,Boeing,,,,366
B742,742,747-200,Boeing,,,,366
,,Br. 763 Provence (761/763/765),Breguet,,,,135
,,CV-540/CV-580/CV-600/CV-640,"Convair, Consolidated Vultee Aircraft Corporation",,,,52
,,CV-880 / CV-990,"Convair, Consolidated Vultee Aircraft Corporation",,,,110
,,Mercure,Dassault,,,,120
,,D.H.106 Comet,de Havilland,,,,0
DC2,,DC-2,Douglas,,,,14
DC7,,DC-7,Douglas,,,,0
DC85,,DC-8,Douglas,,,,259
,,F.II,Fokker,,,,4
,,F.VII & F.VII/3m,Fokker,,,,8
TRIM,,4-AT / 5-AT TriMotor,Ford,,,,17
,,HS 121 Trident,Hawker Siddeley,,,,115
IL18,,Il-18,Iljuschin / Ilyushin,,,,100
IL62,,Il-62,Iljuschin / Ilyushin,,,,195
IL86,,Il-86,Iljuschin / Ilyushin,,,,350
IL96,,Il-96,Iljuschin / Ilyushin,,,,300
YK42,,Jak-42 / Yak-42,Jakowlew / Yakovlev,,,,120
,,18 Lodestar,Lockheed,,,,15
,,L-049 Constellation (L-649/L-749/C-69),Lockheed,,,,51
,,L-188 Electra,Lockheed,,,,99
,,L-1011 TriStar,Lockheed,,,,246
,,L-1049 Super Constellation,Lockheed,,,,62
,,L-1649 Starliner,Lockheed,,,,106
,,4-0-4,Martin,,,,40
DC91,,DC-9,McDonnell Douglas,,,,80
,,DC-10,McDonnell Douglas,,,,255
,,MD-11,McDonnell Douglas,,,,323
MD81,,MD-80,McDonnell Douglas,,,,152
MD90,,MD-90,McDonnell Douglas,,,,153
,,Saab-90 Scandia,Saab,,,,24
SM60,,SM-6000 Tri-Motor (Air Liner),Stinson,,,,10
,,SE.210 Caravelle,Sud-Est (SNCASE) / Sud-Aviation,,,,140
,,Tu-104,Tupolew / Tupolev,,,,70
,,Tu-114 Rossija / Rossiya,Tupolew / Tupolev,,,,120
T134,,Tu-134,Tupolew / Tupolev,,,,95
T154,,Tu-154,Tupolew / Tupolev,,,,180
TU20,,Tu-204 / Tu-214,Tupolew / Tupolev,,,,170
,,Viscount,Vickers,,,,0
,,950 Vanguard,Vickers,,,,126
,,1100 VC10,Vickers,,,,135
,,175 Britannia,Bristol,,,,139
,,Fw 200 Condor,Focke-Wulf,,,,25
,,685 York,AVRO,,,,56
DC3,,DC-3 (C-47),Douglas,,,,28
DC4,,DC-4 (C-54),Douglas,,,,0
DC6,,DC-6 (C-118),Douglas,,,,0
,,Il-12,Iljuschin / Ilyushin,,,,18
IL14,,Il-14,Iljuschin / Ilyushin,,,,24
,,Li-2,Lisunow / Lisunov,,,,14
,,S.O.30 Bretagne,Sud-Ouest / SNCASO,,,,30
JU52,JU5,Ju 52/3m,Junkers,,,,15
,,170 Freighter / Wayfarer,Bristol,,,,0
,,D.H.114 Heron,de Havilland,,,,14
DHA3,,DHA-3 Drover,de Havilland Australia,,,,8
BE32,,Be-32,Berijew / Beriev,,,,17
C402,,401 & 402,Cessna,,,,6
,,12 Electra Junior,Lockheed,,,,6
,,PA-31 Navajo / Chieftain / Mojave,Piper,,,,5
,,F406 Caravan II,Reims-Cessna,,,,12
,,PD.808,Piaggio,,,,0
BE50,,50 Twin Bonanza,Beech / Beechcraft,,,,5
,,65 / 70 / 80 / 88 Queen Air,Beech / Beechcraft,,,,6
,,90 / 100 King Air,Beech / Beechcraft,,,,90
,,(Super) King Air 200,Beech / Beechcraft,,,,7
,,(Super) King Air 300,Beech / Beechcraft,,,,6
,,(Super) King Air 350,Beech / Beechcraft,,,,9
,,2000 Starship,Beech / Beechcraft,,,,9
C303,,T303 Crusader,Cessna,,,,5
C335,,335 / 340,Cessna,,,,5
C414,,414,Cessna,,,,5
C421,,421 Golden Eagle,Cessna,,,,6
C425,,425 Corsair & Conquest I,Cessna,,,,4
C441,,441 Conquest II,Cessna,,,,0
C25B,,525B Citation CJ3,Cessna,,,,8
C560,,560 Citation V (Ultra/Encore),Cessna,,,,0
E400,,EA-400,Extra,,,,5
E500,,EA-500 (EA 400/500),Extra Aircraft,,,,5
,,SA26-T Merlin II,Fairchild-Swearingen,,,,6
,,SA226-T Merlin III,Fairchild-Swearingen,,,,8
,,FA-300 / Commander 700,Fuji / Rockwell,,,,4
G159,,Gulfstream I (Grumman G-159),Grumman / Gulfstream,,,,0
,,P.180 Avanti,Piaggio,,,,9
,,PA-31T Cheyenne,Piper,,,,5
,,PA-42 Cheyenne III,Piper,,,,6
PA46,,PA-46 Malibu,Piper,,,,5
,,PA-60 Aerostar / Aerostar 600,Piper / Ted Smith,,,,4
,,840 / 841 / 842,Potez,,,,0
,,Aero Commander 500/520/560/680/685/720,Rockwell,,,,4
,,Commander 690/695 JetProp,Rockwell / Gulfstream,,,,695
,,BAe 125-800 / Hawker 800,"BAe, British Aerospace / Raytheon / Hawker Beechcraft",,,,8
,,BAe 125-1000 / Hawker 1000,"BAe, British Aerospace / Raytheon / Hawker Beechcraft",,,,15
PRM1,,390 Premier 1,Beech / Beechcraft,,,,6
,,BD-100 Challenger 300,Bombardier,,,,8
,,BD-700 Global Express,Bombardier,,,,0
,,Global 5000,Bombardier,,,,17
CL60,CCJ,CL-600 Challenger,Canadair / Bombardier,,,,18
C500,,500 Citation I,Cessna,,,,6
C525,,525 Citation Jet / Citation CJ1,Cessna,,,,6
C25A,,525A Citation CJ2,Cessna,,,,6
C550,,550 Citation II,Cessna,,,,12
C56X,,560XL Citation Excel,Cessna,,,,0
C650,,650 Citation III & VI,Cessna,,,,6
C650,,650 Citation VII,Cessna,,,,6
C680,,680 Citation Sovereign,Cessna,,,,0
C750,,750 Citation X,Cessna,,,,0
,,Falcon 10 & 100,Dassault,,,,7
,,Falcon 20 & 200,Dassault,,,,12
,,Falcon 50,Dassault,,,,8
,,Falcon 900,Dassault,,,,19
,,Falcon 2000,Dassault,,,,12
FA7X,,Falcon 7X,Dassault,,,,8
E135,,Legacy 600/650,EMBRAER,,,,14
GLF2,,Gulfstream II (Grumman G-1159),Grumman / Gulfstream,,,,10
GLF3,,Gulfstream III (G-1159A),Gulfstream Aerospace,,,,11
GLF4,,Gulfstream IV (G300 / G350 / G400 / G450),Gulfstream Aerospace,,,,12
GLF5,,Gulfstream V (G500 / G550),Gulfstream Aerospace,,,,13
G150,,G150,Gulfstream Aerospace,,,,6
GALX,,G200/G250 / Galaxy,Gulfstream Aerospace / IAI Israel Aircraft Industries,,,,8
,,HS 125,Hawker Siddeley / British Aerospace,,,,0
,,Hawker 4000 (Horizon),Hawker-Beechcraft (Raytheon),,,,8
,,Hawker 400XP / Beechjet 400 / MU-300 Diamond,Hawker-Beechcraft (Raytheon) / Mitsubishi,,,,6
,,HFB 320 Hansa,"HFB, Hamburger Flugzeugbau / MBB",,,,7
,,IAI-1123 / IAI-1124 Westwind,IAI Israel Aircraft Industries,,,,0
,,IAI-1125 Astra / Gulfstream G100,"IAI, Israel Aircraft Industries / Gulfstream Aerospace",,,,9
,,Learjet 23,Learjet,,,,5
,,Learjet 24,Learjet,,,,4
,,Learjet 25,Learjet,,,,5
,,Learjet 31,Learjet,,,,6
,,Learjet 35 / 36,Learjet,,,,0
,,Learjet 45,Learjet,,,,8
,,Learjet 55,Learjet,,,,0
,,Learjet 60,Learjet,,,,0
,,L-1329 JetStar,Lockheed,,,,8
,,SJ30-2,Sino Swearingen,,,,6
SBR1,,T-39 / NA265 Sabreliner,North American / Rockwell,,,,10
A700,,A700,Adam Aircraft,,,,5
C510,,510 Citation Mustang,Cessna,,,,4
,,D-JET,Diamond Aircraft,,,,4
,,Eclipse 500,Eclipse Aviation,,,,4
E50P,,Phenom 100,EMBRAER,,,,4
E55P,,Phenom 300,EMBRAER,,,,6
S76,S76,S-76A (S-76A+ / S-76A++),Sikorsky Aircraft,,,,12
S76,S76,S-76B,Sikorsky Aircraft,,,,12
S76,S76,S-76C (S-76C+ / S-76C++),Sikorsky Aircraft,,,,12
A148,,An-148,Antonow / Antonov,,,,70
,,ATR 42,"ATR, Avions de Transport Regional",,,,46
,,ATR 72,"ATR, Avions de Transport Regional",,,,66
,,Avro 748 / HS 748 / BAe 748,AVRO / Hawker Siddeley / British Aerospace,,,,0
,,One-Eleven (1-11),"BAC, British Aircraft Corporation",,,,0
,,Jetstream 41,"BAe, British Aerospace",,,,0
B461,,BAe 146-100 / AVRO RJ70,"BAe, British Aerospace",,,,70
B462,,BAe 146-200 / AVRO RJ85,"BAe, British Aerospace",,,,85
B463,,BAe 146-300 / AVRO RJ100,"BAe, British Aerospace",,,,100
,,ATP / Jetstream 61,"BAe, British Aerospace (BAE Systems)",,,,0
BE99,,99 Airliner / Commuter,Beech / Beechcraft,,,,15
B190,,1900 (Airliner),Beech / Beechcraft,,,,19
,,BN-2A Mk III Trislander,Britten-Norman,,,,17
CRJ1,,CRJ100 (CL-600-2B19),Canadair / Bombardier,,,,50
CRJ2,,CRJ200 (CL-600-2B19),Canadair / Bombardier,,,,50
CRJ7,,CRJ700 (CL-600-2C10),Canadair / Bombardier,,,,68
CRJ9,,CRJ900 (CL-600-2D24),Canadair / Bombardier,,,,90
D328,,Do 328 / 328-100,Dornier / Fairchild-Dornier,,,,33
J328,,Do 328JET / 328-300,Dornier / Fairchild-Dornier,,,,33
E120,,EMB 120 Brasilia,EMBRAER,,,,30
E135,,EMB 135 / ERJ 135,EMBRAER,,,,37
E135,,EMB 135 / ERJ 140,EMBRAER,,,,0
E145,,EMB 145 / ERJ 145,EMBRAER,,,,50
E170,,170 / ERJ 170-100,EMBRAER,,,,80
E170,,175 / ERJ 170-200,EMBRAER,,,,78
E190,,190 / ERJ 190-100,EMBRAER,,,,98
E190,,195 / ERJ 190-200,EMBRAER,,,,108
,,Metro / Metroliner,Fairchild-Swearingen,,,,19
,,F27 Friendship,Fokker,,,,52
F28,,F28 Fellowship,Fokker,,,,65
,,Fokker 50,Fokker,,,,0
F70,,Fokker 70,Fokker,,,,85
,,H.P.R.7 Herald,Handley Page,,,,56
YK40,,Jak-40 / Yak-40,Jakowlew / Yakovlev,,,,32
,,L-610,LET,,,,40
,,Saab 340,Saab,,,,37
,,Saab 2000,Saab,,,,53
,,Short 360,Short Brothers (Shorts),,,,39
,,Superjet 100 / SSJ100,Suchoi / Suchoj / Sukhoi,,,,98
,,Tu-124,Tupolew / Tupolev,,,,40
T334,,Tu-334,Tupolew / Tupolev,,,,102
,,VFW 614,"VFW, Vereinigte Flugtechnische Werke",,,,44
,,MA60,Xian,,,,52
,,Jetstream 31/32,"Handley Page / Scottish Aviation / BAe, British Aerospace",,,,0
,,D.H.104 Dove,de Havilland,,,,8
E110,,EMB 110 Bandeirante,EMBRAER,,,,18
,,Short 330,Short Brothers (Shorts),,,,30
,,615 VC.1 Viking,Vickers,,,,24
,,DHC-7 Dash 7,de Havilland Canada,,,,50
D228,,Do 228,Dornier,,,,19
,SSC,Concorde,Aerospatiale / BAC,,,,92
T144,,Tu-144,Tupolew / Tupolev,,,,135
,,17 Staggerwing,Beech / Beechcraft,,,,4
C310,,310 / 320,Cessna,,,,4
C404,,404 Titan,Cessna,,,,9
S601,NDC,SN 601 Corvette,Aerospatiale,,,,6
,,MU-2,Mitsubishi,,,,6
,,BN-2 Islander,Britten-Norman,,,,9
,,L-410 Turbolet / L-420,LET,,,,17
A319,319,A319,Airbus,,,,138
A320,320,A320,Airbus,,,,174
A321,321,A321,Airbus,,,,196
,,42-600,ATR,,,,48
,,Q400,Bombardier,,,,78
A332,332,A330-200,Airbus,,,,271
A332,332,A330-200,Airbus,,,,266
A333,333,A330-300,Airbus,,,,317
A320,320,A320,Airbus,,,,174
A321,321,A321,Airbus,,,,212
,,A321LR,Airbus,,,,184
B752,752,757-200,Boeing,,,,177
A332,332,A330-200,Airbus,,,,241
A333,333,A330-300,Airbus,,,,296
A333,333,A330-300,Airbus,,,,301
,,777-300ER,Boeing,,,,402
A320,320,A320,Airbus,,,,140
A320,320,A320,Airbus,,,,158
A321,321,A321,Airbus,,,,170
A321,321,A321,Airbus,,,,183
A321,321,A321,Airbus,,,,183
B738,738,737-800,Boeing,,,,158
,,Superjet,Sukhoi,,,,87
A332,332,A330-200,Airbus,,,,272
A343,343,A340-300,Airbus,,,,280
B737,737,737-700,Boeing,,,,128
B738,738,737-800,Boeing,,,,170
,,787-9,Boeing,,,,274
B737,737,737-700,Boeing,,,,124
B738,738,737-800,Boeing,,,,160
B738,738,737-800,Boeing,,,,186
,,170,Embraer,,,,76
,,190,Embraer,,,,99
,,190,Embraer,,,,98
A320,320,A320,Airbus,,,,174
A321,321,A321,Airbus,,,,216
,,A320-200,Airbus,,,,180
,,767-300ER,Boeing,,,,223
,,A320-200,Airbus,,,,148
,,A320neo,Airbus,,,,148
,,A321-200,Airbus,,,,180
,,A321neo,Airbus,,,,175
B752,752,757-200,Boeing,,,,166
,,E-190,Embraer,,,,97
,,E-190-E2,Embraer,,,,108
,,777-300ER,Boeing,,,,438
,,787-8,Boeing,,,,262
B738,738,737-800,Boeing,,,,162
,,72-500,ATR,,,,64
A333,333,A330-300,Airbus,,,,292
A333,333,A330-300,Airbus,,,,285
,,767-300ER,Boeing,,,,211
,,777-200LR,Boeing,,,,300
,,777-300ER,Boeing,,,,400
,,777-300ER,Boeing,,,,450
,,787-8,Boeing,,,,255
,,787-9,Boeing,,,,298
,,-,rouge,,,,279
,,A220-300,Airbus,,,,137
,,A319-100,Airbus,,,,120
,,A320-200,Airbus,,,,146
,,A321-200,Airbus,,,,183
,,A321-200,Airbus,,,,185
,,A321-200,Airbus,,,,190
,,737,Boeing,,,,169
,,-,rouge,,,,136
,,-,rouge,,,,162
,,-,rouge,,,,200
,,Havilland,de,,,,37
,,Havilland,de,,,,50
A332,332,A330-200,Airbus,,,,303
A332,332,A330-200,Airbus,,,,318
A333,333,A330-300,Airbus,,,,354
A333,333,A330-300,Airbus,,,,378
,,A350-900,Airbus,,,,389
,,72-500,ATR,,,,70
,,72-600,ATR,,,,74
A332,332,A330-200,Airbus,,,,237
A332,332,A330-200,Airbus,,,,284
A333,333,A330-300,Airbus,,,,301
,,A350-900,Airbus,,,,312
B744,744,747-400,Boeing,,,,344
,,747-8,Boeing,,,,365
B772,772,777-200,Boeing,,,,310
,,777-300ER,Boeing,,,,311
,,787-9,Boeing,,,,293
A319,319,A319,Airbus,,,,128
A320,320,A320,Airbus,,,,158
A321,321,A321,Airbus,,,,185
A321,321,A321,Airbus,,,,177
B737,737,737-700,Boeing,,,,128
B738,738,737-800,Boeing,,,,167
B738,738,737-800,Boeing,,,,159
,,A320-200,Airbus,,,,180
,,72-500,ATR,,,,70
,,E-195,Embraer,,,,112
A332,332,A330-200,Airbus,,,,299
,,787-8,Boeing,,,,298
,,787-9,Boeing,,,,333
B738,738,737-800,Boeing,,,,180
,,195,Embraer,,,,122
A332,332,A330-200,Airbus,,,,208
A332,332,A330-200,Airbus,,,,224
A343,343,A340-300,Airbus,,,,275
,,A350-900,Airbus,,,,324
,,A380-800,Airbus,,,,516
,,777-200ER,Boeing,,,,309
,,777-200ER,Boeing,,,,280
,,777-200ER,Boeing,,,,312
,,777-200ER,Boeing,,,,312
,,777-300ER,Boeing,,,,468
,,777-300ER,Boeing,,,,296
,,777-300ER,Boeing,,,,322
,,777-300ER,Boeing,,,,381
,,787-9,Boeing,,,,276
A318,318,A318,Airbus,,,,118
A319,319,A319,Airbus,,,,129
A319,319,A319,Airbus,,,,142
A320,320,A320,Airbus,,,,165
A320,320,A320,Airbus,,,,152
A320,320,A320,Airbus,,,,158
A320,320,A320,Airbus,,,,178
A321,321,A321,Airbus,,,,184
A321,321,A321,Airbus,,,,212
,,Avroliner,RJ-85,,,,95
,,42-500,ATR,,,,48
,,72-500,ATR,,,,66
,,72-600,ATR,,,,72
B744,744,747-400,Boeing,,,,423
,,777-200LR,Boeing,,,,238
,,777-300ER,Boeing,,,,342
,,787-8,Boeing,,,,256
A319,319,A319,Airbus,,,,122
A319,319,A319,Airbus,,,,144
A320,320,A320,Airbus,,,,168
A320,320,A320,Airbus,,,,140
A321,321,A321,Airbus,,,,182
B738,738,737-800,Boeing,,,,189
,,A319-100,Airbus,,,,122
,,A319-100,Airbus,,,,112
,,A320-200,Airbus,,,,152
,,A320-200,Airbus,,,,158
,,A320-200,Airbus,,,,150
,,A320neo,Airbus,,,,158
,,A321-200,Airbus,,,,178
,,A321-200,Airbus,,,,179
,,A321-200,Airbus,,,,182
,,A321neo,Airbus,,,,198
A320,320,A320,Airbus,,,,150
A320,320,A320,Airbus,,,,144
A332,332,A330-200,Airbus,,,,275
,,A330neo,Airbus,,,,288
A343,343,A340-300,Airbus,,,,302
A343,343,A340-300,Airbus,,,,300
,,A350-900,Airbus,,,,326
A319,319,A319,Airbus,,,,124
,,72-500,ATR,,,,72
A332,332,A330-200,Airbus,,,,244
,,A319-100,Airbus,,,,112
,,ERJ-135,Embraer,,,,37
,,777-200ER,Boeing,,,,312
B773,773,777-300,Boeing,,,,342
,,787-9,Boeing,,,,302
,,787-9,Boeing,,,,275
A320,320,A320,Airbus,,,,171
A320,320,A320,Airbus,,,,168
,,A321neo,Airbus,,,,214
A321,321,A321,Airbus,,,,195
A321,321,A321,Airbus,,,,220
A332,332,A330-200,Airbus,,,,254
A319,319,A319,Airbus,,,,140
A320,320,A320,Airbus,,,,170
B733,733,737-300,Boeing,,,,144
,,72-200,ATR,,,,66
,,72-500,ATR,,,,70
,,787-9,Boeing,,,,294
,,A310-300,Airbus,,,,244
A332,332,A330-200,Airbus,,,,345
A332,332,A330-200,Airbus,,,,332
A333,333,A330-300,Airbus,,,,375
A333,333,A330-300,Airbus,,,,346
,,A321-200,Airbus,,,,186
,,A321-200,Airbus,,,,190
,,A321neo,Airbus,,,,199
B737,737,737-700,Boeing,,,,148
B738,738,737-800,Boeing,,,,184
B738,738,737-800,Boeing,,,,189
B738,738,737-800,Boeing,,,,170
,,72-600,ATR,,,,70
A333,333,A330-300,Airbus,,,,377
A332,332,A330-200,Airbus,,,,266
,,A330-900neo,Airbus,,,,291
,,A320-200,Airbus,,,,146
,,Otter,Twin,,,,16
A319,319,A319,Airbus,,,,119
A319,319,A319,Airbus,,,,123
A320,320,A320,Airbus,,,,149
A320,320,A320,Airbus,,,,146
A320,320,A320,Airbus,,,,150
A321,321,A321,Airbus,,,,190
B737,737,737-700,Boeing,,,,124
B738,738,737-800,Boeing,,,,159
B739,739,737-900,Boeing,,,,178
,,175,Embraer,,,,76
A332,332,A330-200,Airbus,,,,256
,,777-200ER,Boeing,,,,293
A319,319,A319,Airbus,,,,138
A320,320,A320,Airbus,,,,165
A320,320,A320,Airbus,,,,148
A321,321,A321,Airbus,,,,200
A321,321,A321,Airbus,,,,186
A319,319,A319,Airbus,,,,156
A320,320,A320,Airbus,,,,177
A332,332,A330-200,Airbus,,,,247
A333,333,A330-300,Airbus,,,,291
B763,763,767-300,Boeing,,,,209
B772,772,777-200,Boeing,,,,273
,,777-300ER,Boeing,,,,304
,,787-8,Boeing,,,,234
,,787-9,Boeing,,,,285
A319,319,A319,Airbus,,,,128
A320,320,A320,Airbus,,,,150
A321,321,A321,Airbus,,,,181
A321,321,A321,Airbus,,,,187
A321,321,A321,Airbus,,,,102
,,A321neo,Airbus,,,,196
,,737,Boeing,,,,172
B738,738,737-800,Boeing,,,,160
B738,738,737-800,Boeing,,,,172
B752,752,757-200,Boeing,,,,188
B752,752,757-200,Boeing,,,,176
,,ERJ-175,Embraer,,,,76
,,ERJ-175,Embraer,,,,80
,,ERJ-190,Embraer,,,,99
,,CRJ-200,Bombardier,,,,50
,,CRJ-700,Bombardier,,,,63
,,CRJ-700,Bombardier,,,,70
,,CRJ-700,Bombardier,,,,65
,,CRJ-700,Bombardier,,,,65
,,CRJ-900,Bombardier,,,,76
,,CRJ-900,Bombardier,,,,79
,,CRJ-900,Bombardier,,,,76
,,ERJ-140,Embraer,,,,44
,,ERJ-145,Embraer,,,,50
A388,380,A380,Airbus,,,,480
B763,763,767-300,Boeing,,,,270
,,767-300ER,Boeing,,,,202
,,767-300ER,Boeing,,,,214
B772,772,777-200,Boeing,,,,402
B773,773,777-300,Boeing,,,,514
,,777-300ER,Boeing,,,,250
,,777-300ER,Boeing,,,,212
,,777-300ER,Boeing,,,,264
,,777-300ER,Boeing,,,,212
,,787-10,Boeing,,,,294
,,787-8,Boeing,,,,169
,,787-8,Boeing,,,,240
,,787-8,Boeing,,,,335
,,787-8,Boeing,,,,184
,,787-9,Boeing,,,,215
,,787-9,Boeing,,,,246
,,787-9,Boeing,,,,395
A320,320,A320,Airbus,,,,166
A320,320,A320,Airbus,,,,146
,,A321neo,Airbus,,,,194
B735,735,737-500,Boeing,,,,126
B737,737,737-700,Boeing,,,,120
B738,738,737-800,Boeing,,,,167
B738,738,737-800,Boeing,,,,166
,,Q400,Bombardier,,,,74
A333,333,A330-300,Airbus,,,,290
A333,333,A330-300,Airbus,,,,275
,,A350-900,Airbus,,,,311
,,A380-800,Airbus,,,,495
B744,744,747-400,Boeing,,,,359
B763,763,767-300,Boeing,,,,250
,,777-200ER,Boeing,,,,295
,,777-200ER,Boeing,,,,300
,,777-200ER,Boeing,,,,262
,,A320-200,Airbus,,,,143
,,A321-100,Airbus,,,,200
,,A321-200,Airbus,,,,171
,,A321-200,Airbus,,,,177
,,A321-200,Airbus,,,,195
,,767-300ER,Boeing,,,,211
B772,772,777-200,Boeing,,,,308
A319,319,A319,Airbus,,,,130
A320,320,A320,Airbus,,,,160
A321,321,A321,Airbus,,,,200
,,E-195,Embraer,,,,112
,,Q400,Bombardier,,,,76
A332,332,A330-200,Airbus,,,,252
A332,332,A330-200,Airbus,,,,242
,,787-8,Boeing,,,,250
A318,318,A318,Airbus,,,,100
A319,319,A319,Airbus,,,,120
A320,320,A320,Airbus,,,,150
A321,321,A321,Airbus,,,,194
,,190,Embraer,,,,96
A345,345,A340-500,Airbus,,,,237
,,767-300ER,Boeing,,,,186
,,787-8,Boeing,,,,212
A319,319,A319,Airbus,,,,116
A320,320,A320,Airbus,,,,146
B752,752,757-200,Boeing,,,,180
,,E-190,Embraer,,,,106
A332,332,A330-200,Airbus,,,,283
,,A320-200,Airbus,,,,161
,,A320-200,Airbus,,,,159
,,A320-200,Airbus,,,,160
,,A321neo,Airbus,,,,186
,,Air,SATA,,,,37
,,Air,SATA,,,,29
,,Air,SATA,,,,21
,,Air,SATA,,,,80
A332,332,A330-200,Airbus,,,,271
,,A320neo,Airbus,,,,174
,,E-190,Embraer,,,,106
,,E-195,Embraer,,,,118
,,72-600,ATR,,,,70
,,A319-100,Airbus,,,,128
,,A320-200,Airbus,,,,170
,,A321neo,Airbus,,,,196
A319,319,A319,Airbus,,,,120
A319,319,A319,Airbus,,,,144
A320,320,A320,Airbus,,,,162
,,72-500,ATR,,,,70
,,A350-1000,Airbus,,,,331
,,A380-800,Airbus,,,,469
B744,744,747-400,Boeing,,,,345
B744,744,747-400,Boeing,,,,299
B744,744,747-400,Boeing,,,,275
B772,772,777-200,Boeing,,,,224
B772,772,777-200,Boeing,,,,332
B772,772,777-200,Boeing,,,,275
B772,772,777-200,Boeing,,,,283
B772,772,777-200,Boeing,,,,336
B773,773,777-300,Boeing,,,,299
,,787-8,Boeing,,,,214
,,787-9,Boeing,,,,216
A318,318,A318,Airbus,,,,32
A319,319,A319,Airbus,,,,143
A319,319,A319,Airbus,,,,132
A319,319,A319,Airbus,,,,144
A319,319,A319,Airbus,,,,123
A320,320,A320,Airbus,,,,168
A320,320,A320,Airbus,,,,171
A320,320,A320,Airbus,,,,144
A321,321,A321,Airbus,,,,205
A321,321,A321,Airbus,,,,177
A321,321,A321,Airbus,,,,154
,,A321neo,Airbus,,,,208
,,A321neo,Airbus,,,,210
,,E-170,Embraer,,,,76
,,E-170,Embraer,,,,76
,,E-190,Embraer,,,,98
,,E-190,Embraer,,,,98
A332,332,A330-200,Airbus,,,,272
A333,333,A330-300,Airbus,,,,288
A319,319,A319,Airbus,,,,141
A320,320,A320,Airbus,,,,174
B738,738,737-800,Boeing,,,,154
,,72-600,ATR,,,,68
A333,333,A330-300,Airbus,,,,251
B772,772,777-200,Boeing,,,,335
B773,773,777-300,Boeing,,,,398
,,777-300ER,Boeing,,,,398
,,777-300ER,Boeing,,,,294
,,777-300ER,Boeing,,,,340
,,777-300ER,Boeing,,,,275
,,777-300ER,Boeing,,,,368
B733,733,737-300,Boeing,,,,122
,,Twin,DHC-6,,,,17
,,340B,Saab,,,,34
A333,333,A330-300,Airbus,,,,436
A319,319,A319,Airbus,,,,156
A320,320,A320,Airbus,,,,180
,,A321neo,Airbus,,,,239
A333,333,A330-300,Airbus,,,,313
A333,333,A330-300,Airbus,,,,307
,,A350-900,Airbus,,,,306
B744,744,747-400,Boeing,,,,375
,,777-300ER,Boeing,,,,358
B738,738,737-800,Boeing,,,,158
A332,332,A330-200,Airbus,,,,264
A332,332,A330-200,Airbus,,,,234
A332,332,A330-200,Airbus,,,,232
A333,333,A330-300,Airbus,,,,300
,,777-300ER,Boeing,,,,316
A319,319,A319,Airbus,,,,122
A320,320,A320,Airbus,,,,158
,,A321-200,Airbus,,,,177
B737,737,737-700,Boeing,,,,134
B738,738,737-800,Boeing,,,,170
B738,738,737-800,Boeing,,,,164
B738,738,737-800,Boeing,,,,146
A332,332,A330-200,Airbus,,,,218
A332,332,A330-200,Airbus,,,,258
A333,333,A330-300,Airbus,,,,284
A333,333,A330-300,Airbus,,,,275
,,A380-800,Airbus,,,,506
B772,772,777-200,Boeing,,,,284
B772,772,777-200,Boeing,,,,374
,,777-300ER,Boeing,,,,309
,,787-8,Boeing,,,,228
,,787-9,Boeing,,,,297
A319,319,A319,Airbus,,,,122
A320,320,A320,Airbus,,,,152
A321,321,A321,Airbus,,,,179
B733,733,737-300,Boeing,,,,138
B733,733,737-300,Boeing,,,,148
B733,733,737-300,Boeing,,,,140
B733,733,737-300,Boeing,,,,144
B737,737,737-700,Boeing,,,,120
B737,737,737-700,Boeing,,,,128
B737,737,737-700,Boeing,,,,143
B738,738,737-800,Boeing,,,,164
B738,738,737-800,Boeing,,,,161
B738,738,737-800,Boeing,,,,159
,,767-300ER,Boeing,,,,255
,,767-300ER,Boeing,,,,245
,,A320-200,Airbus,,,,164
,,A321-200,Airbus,,,,208
B753,753,757-300,Boeing,,,,262
B737,737,737-700,Boeing,,,,124
B738,738,737-800,Boeing,,,,160
B738,738,737-800,Boeing,,,,154
,,E-190,Embraer,,,,94
,,E-190,Embraer,,,,100
A319,319,A319,Airbus,,,,144
A320,320,A320,Airbus,,,,174
,,CRJ-1000,Bombardier,,,,100
,,Q400,Bombardier,,,,76
A333,333,A330-300,Airbus,,,,276
A319,319,A319,Airbus,,,,134
,,42-500,ATR,,,,48
,,72-500,ATR,,,,64
A332,332,A330-200,Airbus,,,,234
A333,333,A330-300,Airbus,,,,293
,,A330-900neo,Airbus,,,,281
,,A350-900,Airbus,,,,306
,,767-300ER,Boeing,,,,226
,,767-300ER,Boeing,,,,211
,,767-300ER,Boeing,,,,208
,,767-300ER,Boeing,,,,226
,,767-400ER,Boeing,,,,238
,,767-400ER,Boeing,,,,246
,,777-200ER/LR,Boeing,,,,288
,,777-200ER/LR,Boeing,,,,296
,,A220-100,Airbus,,,,109
A319,319,A319,Airbus,,,,132
A320,320,A320,Airbus,,,,160
A320,320,A320,Airbus,,,,157
A321,321,A321,Airbus,,,,192
,,717-200,Boeing,,,,110
B737,737,737-700,Boeing,,,,124
B738,738,737-800,Boeing,,,,160
,,737-900ER,Boeing,,,,180
B752,752,757-200,Boeing,,,,180
B752,752,757-200,Boeing,,,,199
B752,752,757-200,Boeing,,,,169
B752,752,757-200,Boeing,,,,193
B752,752,757-200,Boeing,,,,168
B753,753,757-300,Boeing,,,,234
,,E-170,Embraer,,,,69
,,E-175,Embraer,,,,76
,,Douglas,McDonnell,,,,149
,,Douglas,McDonnell,,,,158
,,CRJ-700,Bombardier,,,,69
,,CRJ-900,Bombardier,,,,76
A320,320,A320,Airbus,,,,180
A320,320,A320,Airbus,,,,186
A333,333,A330-300,Airbus,,,,315
A343,343,A340-300,Airbus,,,,314
,,A320-200,Airbus,,,,168
,,777-200ER,Boeing,,,,279
B738,738,737-800,Boeing,,,,166
B739,739,737-900,Boeing,,,,175
,,A380-800,Airbus,,,,489
,,A380-800,Airbus,,,,517
,,A380-800,Airbus,,,,615
,,777-200LR,Boeing,,,,266
,,777-300ER,Boeing,,,,354
,,777-300ER,Boeing,,,,360
,,777-300ER,Boeing,,,,427
,,A350-900,Airbus,,,,343
,,767-300ER,Boeing,,,,223
,,777-200LR,Boeing,,,,315
,,777-300ER,Boeing,,,,393
,,787-8,Boeing,,,,270
B737,737,737-700,Boeing,,,,118
B738,738,737-800,Boeing,,,,154
,,Q400,Bombardier,,,,71
,,Q400,Bombardier,,,,78
A333,333,A330-300,Airbus,,,,231
,,A380-800,Airbus,,,,494
,,777-300ER,Boeing,,,,330
,,777-300ER,Boeing,,,,402
,,777-300ER,Boeing,,,,370
,,787-10,Boeing,,,,299
,,787-9,Boeing,,,,231
,,787-9,Boeing,,,,299
A320,320,A320,Airbus,,,,136
A321,321,A321,Airbus,,,,174
A332,332,A330-200,Airbus,,,,252
A333,333,A330-300,Airbus,,,,309
,,777-300ER,Boeing,,,,333
,,777-300ER,Boeing,,,,353
,,777-300ER,Boeing,,,,323
,,777-300ER,Boeing,,,,313
,,787-10,Boeing,,,,342
,,787-9,Boeing,,,,304
A321,321,A321,Airbus,,,,184
A332,332,A330-200,Airbus,,,,273
A333,333,A330-300,Airbus,,,,313
,,A350-900,Airbus,,,,334
B737,737,737-700,Boeing,,,,118
B738,738,737-800,Boeing,,,,160
B738,738,737-800,Boeing,,,,170
,,42-500,Aerospatiale/Alenia,,,,44
,,72-600,Aerospatiale/Alenia,,,,68
,,Havilland,De,,,,12
B738,738,737-800,Boeing,,,,189
B738,738,737-800,Boeing,,,,174
,,A319-100,Airbus,,,,132
,,A320-200,Airbus,,,,192
A319,319,A319,Airbus,,,,150
A319,319,A319,Airbus,,,,138
A320,320,A320,Airbus,,,,180
A320,320,A320,Airbus,,,,168
A332,332,A330-200,Airbus,,,,222
A333,333,A330-300,Airbus,,,,257
A333,333,A330-300,Airbus,,,,263
,,777-300ER,Boeing,,,,318
,,777-300ER,Boeing,,,,393
,,737,Boeing,,,,170
B738,738,737-800,Boeing,,,,162
,,737,Boeing,,,,186
,,737,Boeing,,,,176
B737,737,737-700,Boeing,,,,144
B737,737,737-700,Boeing,,,,128
B738,738,737-800,Boeing,,,,186
B738,738,737-800,Boeing,,,,176
A332,332,A330-200,Airbus,,,,214
A332,332,A330-200,Airbus,,,,255
,,787-9,Boeing,,,,282
A320,320,A320,Airbus,,,,136
,,A320ER,Airbus,,,,110
,,A321ER,Airbus,,,,169
A332,332,A330-200,Airbus,,,,222
A333,333,A330-300,Airbus,,,,292
,,767-300ER,Boeing,,,,233
,,787-8,Boeing,,,,213
,,787-9,Boeing,,,,288
,,737,Boeing,,,,176
B737,737,737-700,Boeing,,,,148
B738,738,737-800,Boeing,,,,164
A332,332,A330-200,Airbus,,,,278
,,A321neo,Airbus,,,,189
,,717-200,Boeing,,,,128
A332,332,A330-200,Airbus,,,,283
A332,332,A330-200,Airbus,,,,281
A332,332,A330-200,Airbus,,,,264
A333,333,A330-300,Airbus,,,,292
A333,333,A330-300,Airbus,,,,285
,,A350-900,Airbus,,,,334
,,A350-900,Airbus,,,,334
,,A320-200,Airbus,,,,152
,,A320-200,Airbus,,,,174
A320,320,A320,Airbus,,,,180
,,A320neo,Airbus,,,,188
A321,321,A321,Airbus,,,,230
A332,332,A330-200,Airbus,,,,288
A333,333,A330-300,Airbus,,,,278
A333,333,A330-300,Airbus,,,,292
A346,346,A340-600,Airbus,,,,346
A346,346,A340-600,Airbus,,,,355
,,A350-900,Airbus,,,,348
,,-,LEVEL,,,,314
A319,319,A319,Airbus,,,,118
A319,319,A319,Airbus,,,,208
A320,320,A320,Airbus,,,,162
A320,320,A320,Airbus,,,,180
A321,321,A321,Airbus,,,,174
A321,321,A321,Airbus,,,,208
,,-,LEVEL,,,,212
,,767-300ER,Boeing,yes,FI,ICE,259
,,737,Boeing,yes,FI,ICE,160
B752,752,757-200,Boeing,yes,FI,ICE,183
B752,752,757-200,Boeing,yes,FI,ICE,171
B753,753,757-300,Boeing,yes,FI,ICE,216
,,A320ceo,Airbus,,,,180
,,A320neo,Airbus,,,,186
,,A321neo,Airbus,,,,222
,,72-600,ATR,,,,74
A320,320,A320,Airbus,no,,MTF,150
,,A321neo,Airbus,no,,MTF,192
,,Superjet,Sukhoi,no,,MTF,93
,,A350-900,Airbus,,,,369
B763,763,767-300,Boeing,,,,261
B763,763,767-300,Boeing,,,,232
,,767-300ER,Boeing,,,,237
,,767-300ER,Boeing,,,,227
,,767-300ER,Boeing,,,,261
,,767-300ER,Boeing,,,,199
,,767-300ER,Boeing,,,,252
B772,772,777-200,Boeing,,,,375
,,777-200ER,Boeing,,,,245
,,777-200ER,Boeing,,,,312
,,777-200ER,Boeing,,,,302
,,777-200ER,Boeing,,,,236
B773,773,777-300,Boeing,,,,500
,,777-300ER,Boeing,,,,244
,,787-8,Boeing,,,,186
,,787-8,Boeing,,,,161
,,787-8,Boeing,,,,206
,,787-9,Boeing,,,,195
,,787-9,Boeing,,,,239
B734,734,737-400,Boeing,,,,150
B734,734,737-400,Boeing,,,,145
B738,738,737-800,Boeing,,,,165
B738,738,737-800,Boeing,,,,144
B738,738,737-800,Boeing,,,,186
B738,738,737-800,Boeing,,,,189
B738,738,737-800,Boeing,,,,174
A320,320,A320,Airbus,,,,150
A320,320,A320,Airbus,,,,162
,,A321neo,Airbus,,,,200
,,E-190,Embraer,,,,100
,,787-8,Boeing,,,,335
A320,320,A320,Airbus,,,,180
A320,320,A320,Airbus,,,,186
A321,321,A321,Airbus,,,,220
A321,321,A321,Airbus,,,,230
,,787-8,Boeing,,,,234
B738,738,737-800,Boeing,,,,145
A332,332,A330-200,Airbus,,,,243
A332,332,A330-200,Airbus,,,,268
A333,333,A330-300,Airbus,,,,292
B744,744,747-400,Boeing,,,,268
B744,744,747-400,Boeing,,,,408
,,777-200ER,Boeing,,,,316
,,777-300ER,Boeing,,,,408
,,787-10,Boeing,,,,344
,,787-9,Boeing,,,,294
B737,737,737-700,Boeing,,,,132
B738,738,737-800,Boeing,,,,176
B739,739,737-900,Boeing,,,,178
A332,332,A330-200,Airbus,,,,218
A333,333,A330-300,Airbus,,,,276
A333,333,A330-300,Airbus,,,,272
,,A380-800,Airbus,,,,407
B744,744,747-400,Boeing,,,,404
,,747-8,Boeing,,,,368
,,777-200ER,Boeing,,,,248
,,777-200ER,Boeing,,,,261
B773,773,777-300,Boeing,,,,338
,,777-300ER,Boeing,,,,277
,,777-300ER,Boeing,,,,291
,,787-9,Boeing,,,,271
,,737,Boeing,,,,140
B738,738,737-800,Boeing,,,,147
B738,738,737-800,Boeing,,,,138
B739,739,737-900,Boeing,,,,188
,,737-900ER,Boeing,,,,159
,,E-175,Embraer,,,,76
,,E-190,Embraer,,,,97
,,CRJ-100/200,Bombardier,,,,50
,,CRJ-705,Bombardier,,,,75
,,CRJ-900,Bombardier,,,,76
,,1900D,Beechcraft,,,,18
,,Q400,Bombardier,,,,74
,,E-170,Embraer,,,,76
,,E-190,Embraer,,,,100
,,CRJ-1000,Bombardier,,,,100
,,CRJ-700,Bombardier,,,,72
,,ERJ-145,Embraer,,,,50
,,72-500,ATR,,,,68
,,Q300,Bombardier,,,,50
,,Q400,Bombardier,,,,76
,,E-175,Embraer,,,,88
,,E-190,Embraer,,,,100
,,72-500,ATR,,,,72
,,E-190,Embraer,,,,104
,,ERJ-190,Embraer,,,,98
,,CRJ-100/200,Bombardier,,,,50
A332,332,A330-200,Airbus,,,,262
,,CRJ-1000,Bombardier,,,,96
,,(ATR),ATR72-600,,,,70
,,ATR-42,Aerospatiale,,,,48
,,CRJ-1000,Bombardier,,,,100
,,CRJ-200,Bombardier,,,,50
,,CRJ-900,Bombardier,,,,90
,,,ATR-72,,,,74
,,E-170,Embraer,,,,76
,,CRJ-200,Bombardier,,,,50
,,Q100,Bombardier,,,,39
,,Q300,Bombardier,,,,50
,,Q400,Bombardier,,,,74
,,340B,Saab,,,,36
,,E-190,Embraer,,,,96
,,E-175,Embraer,,,,88
,,E-190,Embraer,,,,100
,,A220-300,Airbus,,,,130
A319,319,A319,Airbus,,,,116
A319,319,A319,Airbus,,,,140
A320,320,A320,Airbus,,,,140
A320,320,A320,Airbus,,,,158
A320,320,A320,Airbus,,,,158
A320,320,A320,Airbus,,,,170
A321,321,A321,Airbus,,,,170
A321,321,A321,Airbus,,,,241
A332,332,A330-200,Airbus,,,,241
A332,332,A330-200,Airbus,,,,215
B763,763,767-300,Boeing,,,,215
B763,763,767-300,Boeing,,,,200
B763,763,767-300,Boeing,,,,200
B763,763,767-300,Boeing,,,,218
B763,763,767-300,Boeing,,,,218
B763,763,767-300,Boeing,,,,402
,,777-300ER,,,,,402
,,777-300ER,,,,,273
,,Ilyushin IL-96,,,,,273
,,Ilyushin IL-96,,,,,87
,,Sukhoi Superjet 100-95,,,,,87
,,Sukhoi Superjet 100-95,,,,,126
B735,735,737-500,Boeing,,,,126
B735,735,737-500,Boeing,,,,270
B763,763,767-300,Boeing,,,,270
B763,763,767-300,Boeing,,,,286
B763,763,767-300,Boeing,,,,286
B763,763,767-300,Boeing,,,,289
B763,763,767-300,Boeing,,,,289
B763,763,767-300,Boeing,,,,66
,,lomiti ATR 72-500,,,,,66
,,ATR 72-500,,yes,EN,DLA,66
,,ATR 72-500,,yes,EN,DLA,116
,,lomiti Embraer 195,,,,,116
,,Embraer 195,,yes,EN,DLA,116
,,Embraer 195,,yes,EN,DLA,161
,,A310-300,,,,,205
,,A310-300,,,,,427
B744,744,747-400,Boeing,,,,427
B744,744,747-400,Boeing,,,,238
,,777-200LR,,,,,238
,,777-200LR,,,,,342
,,777-300ER,,,,,342
,,777-300ER,,,,,150
A320,320,A320,Airbus,yes,JM,AJM,150
A320,320,A320,Airbus,yes,JM,AJM,186
A321,321,A321,Airbus,yes,JM,AJM,186
A321,321,A321,Airbus,yes,JM,AJM,278
,,A340,,yes,JM,AJM,278
,,A340,,yes,JM,AJM,124
,,ATR-72,,yes,YW,ANE,78
,,ATR-72,,yes,YW,ANE,50
,,CRJ 200,,yes,YW,ANE,50
,,CRJ 200,,yes,YW,ANE,90
,,CRJ-900,,yes,YW,ANE,90
,,CRJ-900,,yes,YW,ANE,50
,,Dash 8,,yes,YW,ANE,50
,,Dash 8,,yes,YW,ANE,180
,,CRJ 200,,yes,ZW,AWI,50
,,CRJ 200,,yes,ZW,AWI,150
,,A319-112,,,,,150
,,A319-112,,,,,144
,,A319-132,,,,,144
,,A319-132,,,,,174
,,A320-200,,,,,174
,,A320-200,,,,,210
,,A321-200,,,,,210
,,A321-200,,,,,303
A332,332,A330-200,Airbus,,,,303
A332,332,A330-200,Airbus,,,,387
A333,333,A330-300,Airbus,,,,387
A333,333,A330-300,Airbus,,,,144
B737,737,737-700,Boeing,,,,144
B737,737,737-700,Boeing,,,,186
B738,738,737-800,Boeing,,,,186
B738,738,737-800,Boeing,,,,76
,,Q400,,,,,76
,,Q400,,,,,117
,,717-200,,yes,FL,TRS,117
,,717-200,,yes,FL,TRS,137
B737,737,737-700,Boeing,yes,FL,TRS,137
B737,737,737-700,Boeing,yes,FL,TRS,144
,,CRJ 200,,yes,EV,ASQ,50
,,CRJ 200,,yes,EV,ASQ,70
,,CRJ 700,,yes,EV,ASQ,70
,,CRJ 700,,yes,EV,ASQ,65
,,CRJ 700,,yes,EV,ASQ,65
,,CRJ 700,,yes,EV,ASQ,76
,,CRJ 900,,yes,EV,ASQ,76
,,CRJ 900,,yes,EV,ASQ,225
,,ERJ195,,,,,118
,,ERJ195,,,,,220
A332,332,A330-200,Airbus,,,,220
A332,332,A330-200,Airbus,,,,50
,,CRJ-100,,yes,DB,BZH,50
,,CRJ-100,,yes,DB,BZH,100
,,CRJ-1000,,yes,DB,BZH,100
,,CRJ-1000,,yes,DB,BZH,70
,,CRJ-700,,yes,DB,BZH,70
,,CRJ-700,,yes,DB,BZH,126
,,Caribbean Airways  A320,,yes,JM,AJM,150
A320,320,A320,Airbus,no,,IQQ,150
A320,320,A320,Airbus,no,,IQQ,186
,,Caribbean Airways  A321,,yes,JM,AJM,186
A321,321,A321,Airbus,no,,IQQ,186
A321,321,A321,Airbus,no,,IQQ,278
,,Caribbean Airways  A340,,yes,JM,AJM,278
,,A340,,no,,IQQ,278
,,A340,,no,,IQQ,264
,,ERJ 140,,yes,RP,CHQ,44
,,ERJ 140,,yes,RP,CHQ,50
,,ERJ 145,,yes,RP,CHQ,50
,,ERJ 145,,yes,RP,CHQ,265
,,A300-600,,,,,274
,,A300-600,,,,,122
A319,319,A319,Airbus,,,,122
A319,319,A319,Airbus,,,,158
A320,320,A320,Airbus,,,,158
A320,320,A320,Airbus,,,,177
A321,321,A321,Airbus,,,,177
A321,321,A321,Airbus,,,,264
A332,332,A330-200,Airbus,,,,264
A332,332,A330-200,Airbus,,,,300
A333,333,A330-300,Airbus,,,,300
A333,333,A330-300,Airbus,,,,289
A343,343,A340-300,Airbus,,,,289
A343,343,A340-300,Airbus,,,,322
A346,346,A340-600,Airbus,,,,322
A346,346,A340-600,Airbus,,,,148
B733,733,737-300,Boeing,,,,148
B733,733,737-300,Boeing,,,,128
B733,733,737-300,Boeing,,,,128
B733,733,737-300,Boeing,,,,134
B737,737,737-700,Boeing,,,,134
B737,737,737-700,Boeing,,,,158
B738,738,737-800,Boeing,,,,158
B738,738,737-800,Boeing,,,,170
B738,738,737-800,Boeing,,,,170
B738,738,737-800,Boeing,,,,157
MD90,,MD-90,McDonnell Douglas,,,,157
MD90,,MD-90,McDonnell Douglas,,,,122
A319,319,A319,Airbus,,,,122
A319,319,A319,Airbus,,,,152
A320,320,A320,Airbus,,,,152
A320,320,A320,Airbus,,,,179
A321,321,A321,Airbus,,,,179
A321,321,A321,Airbus,,,,258
A332,332,A330-200,Airbus,,,,258
A332,332,A330-200,Airbus,,,,218
A332,332,A330-200,Airbus,,,,218
A332,332,A330-200,Airbus,,,,284
A333,333,A330-300,Airbus,,,,284
A333,333,A330-300,Airbus,,,,506
A388,380,A380,Airbus,,,,506
A388,380,A380,Airbus,,,,138
B733,733,737-300,Boeing,,,,138
B733,733,737-300,Boeing,,,,148
B733,733,737-300,Boeing,,,,148
B733,733,737-300,Boeing,,,,140
B733,733,737-300,Boeing,,,,140
B733,733,737-300,Boeing,,,,144
B733,733,737-300,Boeing,,,,144
B733,733,737-300,Boeing,,,,120
B737,737,737-700,Boeing,,,,120
B737,737,737-700,Boeing,,,,128
B737,737,737-700,Boeing,,,,128
B737,737,737-700,Boeing,,,,143
B737,737,737-700,Boeing,,,,143
B737,737,737-700,Boeing,,,,164
B738,738,737-800,Boeing,,,,164
B738,738,737-800,Boeing,,,,161
B738,738,737-800,Boeing,,,,161
B738,738,737-800,Boeing,,,,192
,,757,,,,,192
,,757,,,,,65
,,757,,,,,65
,,757,,,,,197
,,757,,,,,197
,,757,,,,,284
,,777,,,,,284
,,777,,,,,682
,,777,,,,,682
,,777,,,,,50
,,ERJ145,,,,,50
,,ERJ145,,,,,95
,,Avro RJ85,,yes,WX,BCY,95
,,Avro RJ85,,yes,WX,BCY,50
,,Fokker 50,Fokker,yes,WX,BCY,50
,,Fokker 50,Fokker,yes,WX,BCY,74
,,Q400,,yes,9L,CJC,74
,,Q400,,yes,9L,CJC,50
,,ERJ 175,,yes,CP,CPZ,76
,,ERJ 175,,yes,CP,CPZ,174
,,A320-200,,,,,174
,,A320-200,,,,,210
,,A321-200,,,,,210
,,A321-200,,,,,265
B753,753,757-300,Boeing,,,,265
B753,753,757-300,Boeing,,,,270
,,767-300ER,,,,,270
,,767-300ER,,,,,100
F100,100,Fokker 100,Fokker,yes,C3,KIS,100
F100,100,Fokker 100,Fokker,yes,C3,KIS,126
A320,320,A320,Airbus,yes,WK,EDW,162
A320,320,A320,Airbus,yes,WK,EDW,285
A332,332,A330-200,Airbus,yes,WK,EDW,285
A332,332,A330-200,Airbus,yes,WK,EDW,0
,,777-200ER,,,,,0
,,777-200ER,,,,,142
A343,343,A340-300,Airbus,,,,267
A343,343,A340-300,Airbus,,,,237
A332,332,A330-200,Airbus,,,,237
A332,332,A330-200,Airbus,,,,278
A332,332,A330-200,Airbus,,,,278
A332,332,A330-200,Airbus,,,,258
A345,345,A340-500,Airbus,,,,258
A345,345,A340-500,Airbus,,,,489
A388,380,A380,Airbus,,,,489
A388,380,A380,Airbus,,,,303
B772,772,777-200,Boeing,,,,303
B772,772,777-200,Boeing,,,,346
B772,772,777-200,Boeing,,,,346
B772,772,777-200,Boeing,,,,266
,,777-200LR,,,,,266
,,777-200LR,,,,,360
B773,773,777-300,Boeing,,,,360
B773,773,777-300,Boeing,,,,427
B773,773,777-300,Boeing,,,,427
B773,773,777-300,Boeing,,,,380
B773,773,777-300,Boeing,,,,380
B773,773,777-300,Boeing,,,,434
B773,773,777-300,Boeing,,,,434
B773,773,777-300,Boeing,,,,0
B773,773,777-300,Boeing,,,,0
B773,773,777-300,Boeing,,,,262
,,CRJ 900,,yes,EW,EWG,0
,,CRJ 900,,yes,EW,EWG,252
A332,332,A330-200,Airbus,,,,252
A332,332,A330-200,Airbus,,,,309
A333,333,A330-300,Airbus,,,,309
A333,333,A330-300,Airbus,,,,372
B744,744,747-400,Boeing,,,,372
B744,744,747-400,Boeing,,,,276
B744,744,747-400,Boeing,,,,276
B744,744,747-400,Boeing,,,,318
,,777-300ER,,,,,318
,,777-300ER,,,,,338
,,777-300ER,,,,,338
,,777-300ER,,,,,304
MD90,,MD-90,McDonnell Douglas,,,,304
MD90,,MD-90,McDonnell Douglas,,,,50
,,CRJ 200,,yes,XE,BTA,50
,,CRJ 200,,yes,XE,BTA,65
,,CRJ 700,,yes,XE,BTA,65
,,CRJ 700,,yes,XE,BTA,76
,,CRJ 900,,yes,XE,BTA,76
,,CRJ 900,,yes,XE,BTA,37
,,ERJ 135,,yes,XE,BTA,37
,,ERJ 135,,yes,XE,BTA,50
,,ERJ 145,,yes,XE,BTA,50
,,ERJ 145,,yes,XE,BTA,93
,,Avro RJ85,,yes,,EZA,93
,,Avro RJ85,,yes,,EZA,33
,,Saab 340B,,yes,,EZA,33
,,Saab 340B,,yes,,EZA,123
A319,319,A319,Airbus,,,,123
A319,319,A319,Airbus,,,,159
A320,320,A320,Airbus,,,,159
A320,320,A320,Airbus,,,,196
A321,321,A321,Airbus,,,,196
A321,321,A321,Airbus,,,,297
A333,333,A330-300,Airbus,,,,297
A333,333,A330-300,Airbus,,,,266
A333,333,A330-300,Airbus,,,,266
A333,333,A330-300,Airbus,,,,263
A333,333,A330-300,Airbus,,,,263
A333,333,A330-300,Airbus,,,,269
A343,343,A340-300,Airbus,,,,269
A343,343,A340-300,Airbus,,,,269
A343,343,A340-300,Airbus,,,,276
A343,343,A340-300,Airbus,,,,276
A343,343,A340-300,Airbus,,,,76
,,ERJ 170,,,,,76
,,ERJ 170,,,,,100
,,ERJ 190,,,,,100
,,ERJ 190,,,,,50
,,Embraer 145,,yes,,FRL,50
,,Embraer 145,,yes,,FRL,114
A318,318,A318,Airbus,,,,114
A318,318,A318,Airbus,,,,138
A319,319,A319,Airbus,,,,138
A319,319,A319,Airbus,,,,171
A320,320,A320,Airbus,,,,171
A320,320,A320,Airbus,,,,66
,,CRJ 700,,yes,G7,GJS,66
,,CRJ 700,,yes,G7,GJS,124
A319,319,A319,Airbus,yes,,GFA,124
A319,319,A319,Airbus,yes,,GFA,136
A320,320,A320,Airbus,yes,,GFA,136
A320,320,A320,Airbus,yes,,GFA,67
,,ERJ 170,,yes,,GFA,67
,,ERJ 170,,yes,,GFA,96
,,ERJ 190,,yes,,GFA,96
,,ERJ 190,,yes,,GFA,222
,,CRJ-Q200,,yes,QX,QXE,37
,,CRJ-Q200,,yes,QX,QXE,70
,,CRJ700,,yes,QX,QXE,70
,,CRJ700,,yes,QX,QXE,74
,,Q400,,yes,QX,QXE,74
,,Q400,,yes,QX,QXE,237
A332,332,A330-200,Airbus,,,,251
A332,332,A330-200,Airbus,,,,127
B733,733,737-300,Boeing,,,,127
B733,733,737-300,Boeing,,,,129
B737,737,737-700,Boeing,,,,129
B737,737,737-700,Boeing,,,,44
B737,737,737-700,Boeing,,,,44
B737,737,737-700,Boeing,,,,171
B738,738,737-800,Boeing,,,,171
B738,738,737-800,Boeing,,,,189
B739,739,737-900,Boeing,,,,189
B739,739,737-900,Boeing,,,,275
B744,744,747-400,Boeing,,,,275
B744,744,747-400,Boeing,,,,426
B744,744,747-400,Boeing,,,,426
B744,744,747-400,Boeing,,,,312
B772,772,777-200,Boeing,,,,312
B772,772,777-200,Boeing,,,,425
,,777-300 ER,,,,,425
,,777-300 ER,,,,,0
,,ERJ 190,,,,,0
,,ERJ 190,,,,,80
F100,100,Fokker 100,Fokker,,,,80
F70,,Fokker 70,Fokker,,,,80
F70,,Fokker 70,Fokker,,,,294
,,MD11,,,,,294
,,MD11,,,,,276
,,A300-600,,,,,276
,,A300-600,,,,,266
,,A300-600,,,,,266
,,A300-600,,,,,226
A332,332,A330-200,Airbus,,,,226
A332,332,A330-200,Airbus,,,,218
A332,332,A330-200,Airbus,,,,218
A332,332,A330-200,Airbus,,,,280
A333,333,A330-300,Airbus,,,,280
A333,333,A330-300,Airbus,,,,408
,,A380-800,,,,,408
,,A380-800,,,,,162
B738,738,737-800,Boeing,,,,162
B738,738,737-800,Boeing,,,,147
B738,738,737-800,Boeing,,,,147
B738,738,737-800,Boeing,,,,138
B738,738,737-800,Boeing,,,,138
B738,738,737-800,Boeing,,,,188
B739,739,737-900,Boeing,,,,188
B739,739,737-900,Boeing,,,,159
,,737-900ER,,,,,159
,,737-900ER,,,,,384
B744,744,747-400,Boeing,,,,384
B744,744,747-400,Boeing,,,,248
,,777-200ER,,,,,248
,,777-200ER,,,,,261
,,777-200ER,,,,,261
,,777-200ER,,,,,0
,,777-300ER,,,,,0
,,777-300ER,,,,,0
,,777-300ER,,,,,70
,,ERJ 170,,,,,70
,,ERJ 170,,,,,82
,,ERJ 175,,,,,82
,,ERJ 175,,,,,112
,,ERJ 190,,,,,112
,,ERJ 190,,,,,120
,,CRJ 200,,yes,YV,ASH,50
,,CRJ 200,,yes,YV,ASH,66
,,CRJ 700,,yes,YV,ASH,66
,,CRJ 700,,yes,YV,ASH,90
,,CRJ 900,,yes,YV,ASH,90
,,CRJ 900,,yes,YV,ASH,50
,,CRJ 200,,yes,XJ,MES,50
,,CRJ 200,,yes,XJ,MES,76
,,CRJ 900,,yes,XJ,MES,76
,,CRJ 900,,yes,XJ,MES,162
B738,738,737-800,Boeing,,,,162
B738,738,737-800,Boeing,,,,174
B738,738,737-800,Boeing,,,,174
B738,738,737-800,Boeing,,,,100
F100,100,Fokker 100,Fokker,,,,100
F100,100,Fokker 100,Fokker,,,,46
,,CRJ 200,,yes,9E,FLG,50
,,CRJ 200,,yes,9E,FLG,76
,,CRJ 900,,yes,9E,FLG,76
,,CRJ 900,,yes,9E,FLG,235
A332,332,A330-200,Airbus,,,,235
A332,332,A330-200,Airbus,,,,297
A333,333,A330-300,Airbus,,,,297
A333,333,A330-300,Airbus,,,,450
,,A380-800,,,,,450
,,A380-800,,,,,115
,,717-200,,,,,115
,,717-200,,,,,140
B734,734,737-400,Boeing,,,,140
B734,734,737-400,Boeing,,,,168
B738,738,737-800,Boeing,,,,168
B738,738,737-800,Boeing,,,,450
,,747-300 EUD,,,,,450
,,747-300 EUD,,,,,353
B744,744,747-400,Boeing,,,,353
B744,744,747-400,Boeing,,,,307
B744,744,747-400,Boeing,,,,307
B744,744,747-400,Boeing,,,,412
B744,744,747-400,Boeing,,,,412
B744,744,747-400,Boeing,,,,364
B744,744,747-400,Boeing,,,,364
B744,744,747-400,Boeing,,,,229
,,767-300ER,,,,,229
,,767-300ER,,,,,247
,,767-300ER,,,,,247
,,767-300ER,,,,,0
,,767-300ER,,,,,0
,,767-300ER,,,,,254
,,767-300ER,,,,,254
,,767-300ER,,,,,36
,,Dash 8-200,,,,,36
,,Dash 8-200,,,,,50
,,Dash 8-300,,,,,50
,,Dash 8-300,,,,,74
,,Dash 8-400,,,,,74
,,Dash 8-400,,,,,110
,,Bombardier Q400,,yes,RW,RPA,71
,,Bombardier Q400,,yes,RW,RPA,71
,,Bombardier Q400,,yes,RW,RPA,74
,,Bombardier Q400,,yes,RW,RPA,74
,,Bombardier Q400,,yes,RW,RPA,76
,,ERJ 170,,yes,RW,RPA,76
,,ERJ 170,,yes,RW,RPA,76
,,ERJ 175,,yes,RW,RPA,86
,,ERJ 175,,yes,RW,RPA,86
,,ERJ 190,,yes,RW,RPA,99
,,ERJ 190,,yes,RW,RPA,99
,,ERJ 190,,yes,RW,RPA,285
,,777-200ER,,,,,285
,,777-200ER,,,,,110
A333,333,A330-300,Airbus,,,,264
A333,333,A330-300,Airbus,,,,245
A343,343,A340-300,Airbus,,,,245
A343,343,A340-300,Airbus,,,,222
,,A320-200,,,,,144
,,A320-200,,,,,116
,,A320-200,,,,,116
,,A320-200,,,,,165
,,A321-200,,,,,165
,,A321-200,,,,,298
A333,333,A330-300,Airbus,,,,298
A333,333,A330-300,Airbus,,,,232
B772,772,777-200,Boeing,,,,232
B772,772,777-200,Boeing,,,,341
B772,772,777-200,Boeing,,,,341
B772,772,777-200,Boeing,,,,66
,,E-170,,,,,66
,,E-170,,,,,76
,,ERJ 175,,yes,S5,TCF,76
,,ERJ 175,,yes,S5,TCF,70
,,ERJ170,,yes,S5,TCF,70
,,ERJ170,,yes,S5,TCF,285
,,CRJ 200,,,,,50
,,CRJ 200,,,,,70
,,CRJ 700,,,,,70
,,CRJ 700,,,,,65
,,CRJ 700,,,,,65
,,CRJ 700,,,,,66
,,CRJ 700,,,,,66
,,CRJ 700,,,,,76
,,CRJ 900,,,,,76
,,CRJ 900,,,,,30
,,EMB 120,,,,,30
,,EMB 120,,,,,250
B738,738,737-800,Boeing,,,,189
B738,738,737-800,Boeing,,,,212
,,737-900ER,,,,,212
,,737-900ER,,,,,78
,,Q400,,,,,78
,,Q400,,,,,198
A321,321,A321,Airbus,,,,198
A321,321,A321,Airbus,,,,138
A319,319,A319,Airbus,,,,138
A319,319,A319,Airbus,,,,150
,,A319-112,,,,,198
,,A319-112,,,,,280
,,A320-214,,,,,280
,,A320-214,,,,,254
,,A321-111,,,,,254
,,A321-111,,,,,236
A333,333,A330-300,Airbus,,,,236
A333,333,A330-300,Airbus,,,,219
A343,343,A340-300,Airbus,,,,219
A343,343,A340-300,Airbus,,,,97
,,Avro RJ100,,,,,97
,,Avro RJ100,,,,,144
A319,319,A319,Airbus,,,,144
A319,319,A319,Airbus,,,,174
A320,320,A320,Airbus,,,,174
A320,320,A320,Airbus,,,,220
A321,321,A321,Airbus,,,,220
A321,321,A321,Airbus,,,,223
,,A330,,,,,223
,,A330,,,,,205
,,767-300ER,,,,,205
,,767-300ER,,,,,362
,,777-300ER,,,,,362
,,777-300ER,,,,,132
,,A300-600,,,,,247
,,A300-600,,,,,260
,,A300-600,,,,,260
,,A300-600,,,,,305
A333,333,A330-300,Airbus,,,,305
A333,333,A330-300,Airbus,,,,299
A333,333,A330-300,Airbus,,,,299
A333,333,A330-300,Airbus,,,,215
A345,345,A340-500,Airbus,,,,215
A345,345,A340-500,Airbus,,,,267
A346,346,A340-600,Airbus,,,,267
A346,346,A340-600,Airbus,,,,66
,,ATR-72,,,,,66
,,ATR-72,,,,,389
B744,744,747-400,Boeing,,,,389
B744,744,747-400,Boeing,,,,375
B744,744,747-400,Boeing,,,,375
B744,744,747-400,Boeing,,,,309
B772,772,777-200,Boeing,,,,309
B772,772,777-200,Boeing,,,,292
,,777-200ER,,,,,292
,,777-200ER,,,,,364
B773,773,777-300,Boeing,,,,364
B773,773,777-300,Boeing,,,,312
,,777-300ER,,,,,312
,,777-300ER,,,,,50
,,ERJ 145,,yes,AX,LOF,50
,,ERJ 145,,yes,AX,LOF,122
A320,320,A320,Airbus,,,,168
A320,320,A320,Airbus,,,,307
A333,333,A330-300,Airbus,,,,318
A333,333,A330-300,Airbus,,,,266
A333,333,A330-300,Airbus,,,,266
A333,333,A330-300,Airbus,,,,240
A343,343,A340-300,Airbus,,,,240
A343,343,A340-300,Airbus,,,,308
A346,346,A340-600,Airbus,,,,308
A346,346,A340-600,Airbus,,,,459
B744,744,747-400,Boeing,,,,459
B744,744,747-400,Boeing,,,,468
B744,744,747-400,Boeing,,,,468
B744,744,747-400,Boeing,,,,320
B744,744,747-400,Boeing,,,,320
B744,744,747-400,Boeing,,,,455
B744,744,747-400,Boeing,,,,455
B744,744,747-400,Boeing,,,,279
